sar_frame,split,physical_vehicle_id,constant_vehicle_envelope,body_long_p80_width_m,body_short_p80_width_m,required_missing_support_m,required_extra_spread_m,vehicle_projection_envelope_status,view_dependent_response_support
315,calibration,GM_RM017_WGV35A_MAIN_VEHICLE_THREAD,E0_R1_BODY_SUPPORT_FIT_SOFT_ENVELOPE,3.262986,1.066762,0,0,VEHICLE_ENVELOPE_STABLE_SOFT,allowed_to_change_with_relative_aspect
317,calibration,GM_RM017_WGV35A_MAIN_VEHICLE_THREAD,E0_R1_BODY_SUPPORT_FIT_SOFT_ENVELOPE,3.348367,0.988069,0,0,VEHICLE_ENVELOPE_STABLE_SOFT,allowed_to_change_with_relative_aspect
319,calibration,GM_RM017_WGV35A_MAIN_VEHICLE_THREAD,E0_R1_BODY_SUPPORT_FIT_SOFT_ENVELOPE,3.139218,1.149894,0,0,VEHICLE_ENVELOPE_STABLE_SOFT,allowed_to_change_with_relative_aspect
321,calibration,GM_RM017_WGV35A_MAIN_VEHICLE_THREAD,E0_R1_BODY_SUPPORT_FIT_SOFT_ENVELOPE,3.472263,0.994686,0,0,VEHICLE_ENVELOPE_STABLE_SOFT,allowed_to_change_with_relative_aspect
323,calibration,GM_RM017_WGV35A_MAIN_VEHICLE_THREAD,E0_R1_BODY_SUPPORT_FIT_SOFT_ENVELOPE,3.118063,0.714435,0.012742,0,VEHICLE_ENVELOPE_STABLE_SOFT,allowed_to_change_with_relative_aspect
325,calibration,GM_RM017_WGV35A_MAIN_VEHICLE_THREAD,E0_R1_BODY_SUPPORT_FIT_SOFT_ENVELOPE,1.983442,0.784806,0,0,VEHICLE_ENVELOPE_STABLE_SOFT,allowed_to_change_with_relative_aspect
327,calibration,GM_RM017_WGV35A_MAIN_VEHICLE_THREAD,E0_R1_BODY_SUPPORT_FIT_SOFT_ENVELOPE,3.149898,0.570474,0.156703,0,VEHICLE_ENVELOPE_STABLE_SOFT,allowed_to_change_with_relative_aspect
331,calibration,GM_RM017_WGV35A_MAIN_VEHICLE_THREAD,E0_R1_BODY_SUPPORT_FIT_SOFT_ENVELOPE,3.354274,0.556574,0.170603,0,VEHICLE_ENVELOPE_STABLE_SOFT,allowed_to_change_with_relative_aspect
332,calibration,GM_RM017_WGV35A_MAIN_VEHICLE_THREAD,E0_R1_BODY_SUPPORT_FIT_SOFT_ENVELOPE,1.823743,0.81689,0.08223,0,VEHICLE_ENVELOPE_STABLE_SOFT,allowed_to_change_with_relative_aspect
333,calibration,GM_RM017_WGV35A_MAIN_VEHICLE_THREAD,E0_R1_BODY_SUPPORT_FIT_SOFT_ENVELOPE,1.907363,1.236213,0,0,VEHICLE_ENVELOPE_STABLE_SOFT,allowed_to_change_with_relative_aspect
334,calibration,GM_RM017_WGV35A_MAIN_VEHICLE_THREAD,E0_R1_BODY_SUPPORT_FIT_SOFT_ENVELOPE,1.925352,0.965889,0,0,VEHICLE_ENVELOPE_STABLE_SOFT,allowed_to_change_with_relative_aspect
335,calibration,GM_RM017_WGV35A_MAIN_VEHICLE_THREAD,E0_R1_BODY_SUPPORT_FIT_SOFT_ENVELOPE,1.799905,0.660085,0.173161,0,VEHICLE_ENVELOPE_STABLE_SOFT,allowed_to_change_with_relative_aspect
336,calibration,GM_RM017_WGV35A_MAIN_VEHICLE_THREAD,E0_R1_BODY_SUPPORT_FIT_SOFT_ENVELOPE,2.182061,3.180424,0,0.583364,VEHICLE_ENVELOPE_STRESS,allowed_to_change_with_relative_aspect
337,calibration,GM_RM017_WGV35A_MAIN_VEHICLE_THREAD,E0_R1_BODY_SUPPORT_FIT_SOFT_ENVELOPE,3.153539,0.451499,0.275677,0,VEHICLE_ENVELOPE_STABLE_SOFT,allowed_to_change_with_relative_aspect
338,calibration,GM_RM017_WGV35A_MAIN_VEHICLE_THREAD,E0_R1_BODY_SUPPORT_FIT_SOFT_ENVELOPE,3.153203,0.447705,0.279472,0,VEHICLE_ENVELOPE_STABLE_SOFT,allowed_to_change_with_relative_aspect
339,calibration,GM_RM017_WGV35A_MAIN_VEHICLE_THREAD,E0_R1_BODY_SUPPORT_FIT_SOFT_ENVELOPE,3.270137,0.509375,0.217802,0,VEHICLE_ENVELOPE_STABLE_SOFT,allowed_to_change_with_relative_aspect
340,calibration,GM_RM017_WGV35A_MAIN_VEHICLE_THREAD,E0_R1_BODY_SUPPORT_FIT_SOFT_ENVELOPE,1.918672,0.629947,0.09723,0,VEHICLE_ENVELOPE_STABLE_SOFT,allowed_to_change_with_relative_aspect
341,calibration,GM_RM017_WGV35A_MAIN_VEHICLE_THREAD,E0_R1_BODY_SUPPORT_FIT_SOFT_ENVELOPE,1.918734,0.679894,0.047282,0,VEHICLE_ENVELOPE_STABLE_SOFT,allowed_to_change_with_relative_aspect
342,calibration,GM_RM017_WGV35A_MAIN_VEHICLE_THREAD,E0_R1_BODY_SUPPORT_FIT_SOFT_ENVELOPE,2.966792,0.520015,0.207162,0,VEHICLE_ENVELOPE_STABLE_SOFT,allowed_to_change_with_relative_aspect
343,calibration,GM_RM017_WGV35A_MAIN_VEHICLE_THREAD,E0_R1_BODY_SUPPORT_FIT_SOFT_ENVELOPE,2.650883,0.524881,0.202295,0,VEHICLE_ENVELOPE_STABLE_SOFT,allowed_to_change_with_relative_aspect
344,calibration,GM_RM017_WGV35A_MAIN_VEHICLE_THREAD,E0_R1_BODY_SUPPORT_FIT_SOFT_ENVELOPE,2.487009,0.569057,0.15812,0,VEHICLE_ENVELOPE_STABLE_SOFT,allowed_to_change_with_relative_aspect
345,calibration,GM_RM017_WGV35A_MAIN_VEHICLE_THREAD,E0_R1_BODY_SUPPORT_FIT_SOFT_ENVELOPE,3.055861,0.580749,0.146428,0,VEHICLE_ENVELOPE_STABLE_SOFT,allowed_to_change_with_relative_aspect
346,calibration,GM_RM017_WGV35A_MAIN_VEHICLE_THREAD,E0_R1_BODY_SUPPORT_FIT_SOFT_ENVELOPE,2.899209,0.615093,0.112084,0,VEHICLE_ENVELOPE_STABLE_SOFT,allowed_to_change_with_relative_aspect
347,calibration,GM_RM017_WGV35A_MAIN_VEHICLE_THREAD,E0_R1_BODY_SUPPORT_FIT_SOFT_ENVELOPE,3.47795,0.49122,0.235957,0,VEHICLE_ENVELOPE_STABLE_SOFT,allowed_to_change_with_relative_aspect
348,calibration,GM_RM017_WGV35A_MAIN_VEHICLE_THREAD,E0_R1_BODY_SUPPORT_FIT_SOFT_ENVELOPE,3.357343,0.510194,0.216983,0,VEHICLE_ENVELOPE_STABLE_SOFT,allowed_to_change_with_relative_aspect
349,calibration,GM_RM017_WGV35A_MAIN_VEHICLE_THREAD,E0_R1_BODY_SUPPORT_FIT_SOFT_ENVELOPE,3.287738,0.54075,0.186427,0,VEHICLE_ENVELOPE_STABLE_SOFT,allowed_to_change_with_relative_aspect
350,calibration,GM_RM017_WGV35A_MAIN_VEHICLE_THREAD,E0_R1_BODY_SUPPORT_FIT_SOFT_ENVELOPE,1.765616,0.722232,0.145302,0,VEHICLE_ENVELOPE_STABLE_SOFT,allowed_to_change_with_relative_aspect
351,calibration,GM_RM017_WGV35A_MAIN_VEHICLE_THREAD,E0_R1_BODY_SUPPORT_FIT_SOFT_ENVELOPE,1.818126,0.773683,0.087848,0,VEHICLE_ENVELOPE_STABLE_SOFT,allowed_to_change_with_relative_aspect
352,calibration,GM_RM017_WGV35A_MAIN_VEHICLE_THREAD,E0_R1_BODY_SUPPORT_FIT_SOFT_ENVELOPE,1.783723,0.690599,0.158829,0,VEHICLE_ENVELOPE_STABLE_SOFT,allowed_to_change_with_relative_aspect
353,calibration,GM_RM017_WGV35A_MAIN_VEHICLE_THREAD,E0_R1_BODY_SUPPORT_FIT_SOFT_ENVELOPE,3.173495,0.496425,0.230752,0,VEHICLE_ENVELOPE_STABLE_SOFT,allowed_to_change_with_relative_aspect
354,calibration,GM_RM017_WGV35A_MAIN_VEHICLE_THREAD,E0_R1_BODY_SUPPORT_FIT_SOFT_ENVELOPE,3.200906,0.484325,0.242852,0,VEHICLE_ENVELOPE_STABLE_SOFT,allowed_to_change_with_relative_aspect
355,calibration,GM_RM017_WGV35A_MAIN_VEHICLE_THREAD,E0_R1_BODY_SUPPORT_FIT_SOFT_ENVELOPE,3.234061,0.421347,0.30583,0,VEHICLE_ENVELOPE_STABLE_SOFT,allowed_to_change_with_relative_aspect
356,calibration,GM_RM017_WGV35A_MAIN_VEHICLE_THREAD,E0_R1_BODY_SUPPORT_FIT_SOFT_ENVELOPE,3.118128,0.42453,0.302647,0,VEHICLE_ENVELOPE_STABLE_SOFT,allowed_to_change_with_relative_aspect
357,calibration,GM_RM017_WGV35A_MAIN_VEHICLE_THREAD,E0_R1_BODY_SUPPORT_FIT_SOFT_ENVELOPE,3.18039,0.390917,0.336259,0,VEHICLE_ENVELOPE_STABLE_SOFT,allowed_to_change_with_relative_aspect
358,calibration,GM_RM017_WGV35A_MAIN_VEHICLE_THREAD,E0_R1_BODY_SUPPORT_FIT_SOFT_ENVELOPE,3.090984,0.411017,0.31616,0,VEHICLE_ENVELOPE_STABLE_SOFT,allowed_to_change_with_relative_aspect
359,calibration,GM_RM017_WGV35A_MAIN_VEHICLE_THREAD,E0_R1_BODY_SUPPORT_FIT_SOFT_ENVELOPE,3.030887,0.411358,0.315819,0,VEHICLE_ENVELOPE_STABLE_SOFT,allowed_to_change_with_relative_aspect
360,calibration,GM_RM017_WGV35A_MAIN_VEHICLE_THREAD,E0_R1_BODY_SUPPORT_FIT_SOFT_ENVELOPE,3.007714,0.398679,0.328498,0,VEHICLE_ENVELOPE_STABLE_SOFT,allowed_to_change_with_relative_aspect
361,guard,GM_RM017_WGV35A_MAIN_VEHICLE_THREAD,E0_R1_BODY_SUPPORT_FIT_SOFT_ENVELOPE,2.849783,0.415883,0.311294,0,VEHICLE_ENVELOPE_STABLE_SOFT,allowed_to_change_with_relative_aspect
362,guard,GM_RM017_WGV35A_MAIN_VEHICLE_THREAD,E0_R1_BODY_SUPPORT_FIT_SOFT_ENVELOPE,2.88194,0.391791,0.335386,0,VEHICLE_ENVELOPE_STABLE_SOFT,allowed_to_change_with_relative_aspect
363,guard,GM_RM017_WGV35A_MAIN_VEHICLE_THREAD,E0_R1_BODY_SUPPORT_FIT_SOFT_ENVELOPE,2.611048,0.377772,0.349405,0,VEHICLE_ENVELOPE_STABLE_SOFT,allowed_to_change_with_relative_aspect
364,guard,GM_RM017_WGV35A_MAIN_VEHICLE_THREAD,E0_R1_BODY_SUPPORT_FIT_SOFT_ENVELOPE,2.370446,0.387811,0.339366,0,VEHICLE_ENVELOPE_STABLE_SOFT,allowed_to_change_with_relative_aspect
365,guard,GM_RM017_WGV35A_MAIN_VEHICLE_THREAD,E0_R1_BODY_SUPPORT_FIT_SOFT_ENVELOPE,2.250034,0.42,0.307177,0,VEHICLE_ENVELOPE_STABLE_SOFT,allowed_to_change_with_relative_aspect
366,guard,GM_RM017_WGV35A_MAIN_VEHICLE_THREAD,E0_R1_BODY_SUPPORT_FIT_SOFT_ENVELOPE,1.890589,0.390478,0.352083,0,VEHICLE_ENVELOPE_STABLE_SOFT,allowed_to_change_with_relative_aspect
367,guard,GM_RM017_WGV35A_MAIN_VEHICLE_THREAD,E0_R1_BODY_SUPPORT_FIT_SOFT_ENVELOPE,2.243501,0.410178,0.316999,0,VEHICLE_ENVELOPE_STABLE_SOFT,allowed_to_change_with_relative_aspect
368,guard,GM_RM017_WGV35A_MAIN_VEHICLE_THREAD,E0_R1_BODY_SUPPORT_FIT_SOFT_ENVELOPE,1.33757,0.484637,0.810943,0,VEHICLE_ENVELOPE_STRESS,allowed_to_change_with_relative_aspect
369,guard,GM_RM017_WGV35A_MAIN_VEHICLE_THREAD,E0_R1_BODY_SUPPORT_FIT_SOFT_ENVELOPE,1.43557,0.464731,0.73285,0,VEHICLE_ENVELOPE_STRESS,allowed_to_change_with_relative_aspect
370,guard,GM_RM017_WGV35A_MAIN_VEHICLE_THREAD,E0_R1_BODY_SUPPORT_FIT_SOFT_ENVELOPE,2.382065,0.413112,0.314065,0,VEHICLE_ENVELOPE_STABLE_SOFT,allowed_to_change_with_relative_aspect
371,posthoc_diagnosis,GM_RM017_WGV35A_MAIN_VEHICLE_THREAD,E0_R1_BODY_SUPPORT_FIT_SOFT_ENVELOPE,2.382208,0.460108,0.267069,0,VEHICLE_ENVELOPE_STABLE_SOFT,allowed_to_change_with_relative_aspect
372,posthoc_diagnosis,GM_RM017_WGV35A_MAIN_VEHICLE_THREAD,E0_R1_BODY_SUPPORT_FIT_SOFT_ENVELOPE,2.573083,0.438025,0.289152,0,VEHICLE_ENVELOPE_STABLE_SOFT,allowed_to_change_with_relative_aspect
373,posthoc_diagnosis,GM_RM017_WGV35A_MAIN_VEHICLE_THREAD,E0_R1_BODY_SUPPORT_FIT_SOFT_ENVELOPE,2.516791,0.454464,0.272713,0,VEHICLE_ENVELOPE_STABLE_SOFT,allowed_to_change_with_relative_aspect
374,posthoc_diagnosis,GM_RM017_WGV35A_MAIN_VEHICLE_THREAD,E0_R1_BODY_SUPPORT_FIT_SOFT_ENVELOPE,2.69985,0.424082,0.303095,0,VEHICLE_ENVELOPE_STABLE_SOFT,allowed_to_change_with_relative_aspect
375,posthoc_diagnosis,GM_RM017_WGV35A_MAIN_VEHICLE_THREAD,E0_R1_BODY_SUPPORT_FIT_SOFT_ENVELOPE,1.799526,0.572127,0.261498,0,VEHICLE_ENVELOPE_STABLE_SOFT,allowed_to_change_with_relative_aspect
376,posthoc_diagnosis,GM_RM017_WGV35A_MAIN_VEHICLE_THREAD,E0_R1_BODY_SUPPORT_FIT_SOFT_ENVELOPE,1.801428,0.568376,0.263346,0,VEHICLE_ENVELOPE_STABLE_SOFT,allowed_to_change_with_relative_aspect
377,posthoc_diagnosis,GM_RM017_WGV35A_MAIN_VEHICLE_THREAD,E0_R1_BODY_SUPPORT_FIT_SOFT_ENVELOPE,1.770153,0.748991,0.135821,0,VEHICLE_ENVELOPE_STABLE_SOFT,allowed_to_change_with_relative_aspect
378,posthoc_diagnosis,GM_RM017_WGV35A_MAIN_VEHICLE_THREAD,E0_R1_BODY_SUPPORT_FIT_SOFT_ENVELOPE,1.80381,0.765061,0.102163,0,VEHICLE_ENVELOPE_STABLE_SOFT,allowed_to_change_with_relative_aspect
379,posthoc_diagnosis,GM_RM017_WGV35A_MAIN_VEHICLE_THREAD,E0_R1_BODY_SUPPORT_FIT_SOFT_ENVELOPE,1.816257,0.737825,0.089717,0,VEHICLE_ENVELOPE_STABLE_SOFT,allowed_to_change_with_relative_aspect
380,posthoc_diagnosis,GM_RM017_WGV35A_MAIN_VEHICLE_THREAD,E0_R1_BODY_SUPPORT_FIT_SOFT_ENVELOPE,1.83389,1.34585,0.072084,0,VEHICLE_ENVELOPE_STABLE_SOFT,allowed_to_change_with_relative_aspect
381,posthoc_diagnosis,GM_RM017_WGV35A_MAIN_VEHICLE_THREAD,E0_R1_BODY_SUPPORT_FIT_SOFT_ENVELOPE,1.800061,1.209767,0.105913,0,VEHICLE_ENVELOPE_STABLE_SOFT,allowed_to_change_with_relative_aspect
382,posthoc_diagnosis,GM_RM017_WGV35A_MAIN_VEHICLE_THREAD,E0_R1_BODY_SUPPORT_FIT_SOFT_ENVELOPE,1.85313,1.464335,0.052844,0,VEHICLE_ENVELOPE_STABLE_SOFT,allowed_to_change_with_relative_aspect
383,posthoc_diagnosis,GM_RM017_WGV35A_MAIN_VEHICLE_THREAD,E0_R1_BODY_SUPPORT_FIT_SOFT_ENVELOPE,1.854501,1.315612,0.051473,0,VEHICLE_ENVELOPE_STABLE_SOFT,allowed_to_change_with_relative_aspect
384,posthoc_diagnosis,GM_RM017_WGV35A_MAIN_VEHICLE_THREAD,E0_R1_BODY_SUPPORT_FIT_SOFT_ENVELOPE,1.802235,1.508381,0.103739,0,VEHICLE_ENVELOPE_STABLE_SOFT,allowed_to_change_with_relative_aspect
385,posthoc_diagnosis,GM_RM017_WGV35A_MAIN_VEHICLE_THREAD,E0_R1_BODY_SUPPORT_FIT_SOFT_ENVELOPE,3.390775,0.430288,0.296889,0,VEHICLE_ENVELOPE_STABLE_SOFT,allowed_to_change_with_relative_aspect
386,posthoc_diagnosis,GM_RM017_WGV35A_MAIN_VEHICLE_THREAD,E0_R1_BODY_SUPPORT_FIT_SOFT_ENVELOPE,3.473915,0.468843,0.258333,0,VEHICLE_ENVELOPE_STABLE_SOFT,allowed_to_change_with_relative_aspect
387,posthoc_diagnosis,GM_RM017_WGV35A_MAIN_VEHICLE_THREAD,E0_R1_BODY_SUPPORT_FIT_SOFT_ENVELOPE,3.483038,0.461534,0.265643,0,VEHICLE_ENVELOPE_STABLE_SOFT,allowed_to_change_with_relative_aspect
388,posthoc_diagnosis,GM_RM017_WGV35A_MAIN_VEHICLE_THREAD,E0_R1_BODY_SUPPORT_FIT_SOFT_ENVELOPE,1.831817,1.809679,0.074156,0,VEHICLE_ENVELOPE_STABLE_SOFT,allowed_to_change_with_relative_aspect
389,posthoc_diagnosis,GM_RM017_WGV35A_MAIN_VEHICLE_THREAD,E0_R1_BODY_SUPPORT_FIT_SOFT_ENVELOPE,1.881385,1.992493,0.024588,0,VEHICLE_ENVELOPE_STABLE_SOFT,allowed_to_change_with_relative_aspect
390,posthoc_diagnosis,GM_RM017_WGV35A_MAIN_VEHICLE_THREAD,E0_R1_BODY_SUPPORT_FIT_SOFT_ENVELOPE,1.834253,1.708213,0.07172,0,VEHICLE_ENVELOPE_STABLE_SOFT,allowed_to_change_with_relative_aspect
391,posthoc_diagnosis,GM_RM017_WGV35A_MAIN_VEHICLE_THREAD,E0_R1_BODY_SUPPORT_FIT_SOFT_ENVELOPE,1.988024,1.813904,0,0,VEHICLE_ENVELOPE_STABLE_SOFT,allowed_to_change_with_relative_aspect
392,posthoc_diagnosis,GM_RM017_WGV35A_MAIN_VEHICLE_THREAD,E0_R1_BODY_SUPPORT_FIT_SOFT_ENVELOPE,3.466203,0.794948,0,0,VEHICLE_ENVELOPE_STABLE_SOFT,allowed_to_change_with_relative_aspect
393,posthoc_diagnosis,GM_RM017_WGV35A_MAIN_VEHICLE_THREAD,E0_R1_BODY_SUPPORT_FIT_SOFT_ENVELOPE,1.854207,1.690805,0.051767,0,VEHICLE_ENVELOPE_STABLE_SOFT,allowed_to_change_with_relative_aspect
394,posthoc_diagnosis,GM_RM017_WGV35A_MAIN_VEHICLE_THREAD,E0_R1_BODY_SUPPORT_FIT_SOFT_ENVELOPE,3.268589,0.590758,0.136419,0,VEHICLE_ENVELOPE_STABLE_SOFT,allowed_to_change_with_relative_aspect
SUMMARY,all,GM_RM017_WGV35A_MAIN_VEHICLE_THREAD,soft_envelope_summary,,,,,stable_frames=68;total_frames=71,reported_separately_from_constant_vehicle_envelope
