blind_review_id,blind_frame_id,blind_object_id,review_object_type,visible_structure_cn,vehicle_part_support,vehicle_structure_support,background_structure_support,unresolved,decisive_reason_cn,alternative_explanation_cn,relation_to_other_objects_cn,visual_confidence,runtime_png
BRV_0001,BLIND_FRAME_001,BLIND_OBJECT_001,structure_candidate,"BLIND_OBJECT_001 / BLIND_FRAME_001: 底部绿色主体块清楚，左下孤立点和上部弱点构成宽三角，主体不是单条弧线。 候选角色=body_core_candidate;isolated_small_atom;unresolved_atom；支持像素轴 L=128.793914, W=100.111307；关系=single_or_unresolved_relation。",true,true,false,false,BLIND_OBJECT_001 的决定性盲审依据是：底部绿色主体块清楚，左下孤立点和上部弱点构成宽三角，主体不是单条弧线。,也可能只是局部高亮散射组合；需要冻结后在 eval 阶段检查其与目标区域的关系，但盲审阶段不使用该信息。,与同图中的横向红色/白色长条相比，该对象有下方主体和端点/侧边的近距离组合。,medium,outputs/wgv3_6a_a1_8a_r1_20260711/blind_sheet_001.png
BRV_0002,BLIND_FRAME_002,BLIND_OBJECT_002,structure_candidate,"BLIND_OBJECT_002 / BLIND_FRAME_002: 下方主体块窄而亮，上部两个弱点只提供方向提示，整体仍偏局部闭合。 候选角色=body_core_candidate;unresolved_atom；支持像素轴 L=118.617288, W=110.025427；关系=single_or_unresolved_relation。",true,true,false,false,BLIND_OBJECT_002 的决定性盲审依据是：下方主体块窄而亮，上部两个弱点只提供方向提示，整体仍偏局部闭合。,也可能只是局部高亮散射组合；需要冻结后在 eval 阶段检查其与目标区域的关系，但盲审阶段不使用该信息。,与同图中的横向红色/白色长条相比，该对象有下方主体和端点/侧边的近距离组合。,medium,outputs/wgv3_6a_a1_8a_r1_20260711/blind_sheet_001.png
BRV_0003,BLIND_FRAME_003,BLIND_OBJECT_003,structure_candidate,"BLIND_OBJECT_003 / BLIND_FRAME_003: 下方主体与上方斜向弱响应连成局部楔形，缺少右侧强背景弧线冲突。 候选角色=body_core_candidate;unresolved_atom；支持像素轴 L=117.638979, W=113.087242；关系=single_or_unresolved_relation。",true,true,false,false,BLIND_OBJECT_003 的决定性盲审依据是：下方主体与上方斜向弱响应连成局部楔形，缺少右侧强背景弧线冲突。,也可能只是局部高亮散射组合；需要冻结后在 eval 阶段检查其与目标区域的关系，但盲审阶段不使用该信息。,与同图中的横向红色/白色长条相比，该对象有下方主体和端点/侧边的近距离组合。,medium,outputs/wgv3_6a_a1_8a_r1_20260711/blind_sheet_001.png
BRV_0004,BLIND_FRAME_004,BLIND_OBJECT_004,structure_candidate,"BLIND_OBJECT_004 / BLIND_FRAME_004: 底部主体、左下孤立点和上部弱点形成可见三角支撑，背景纹理不主导。 候选角色=body_core_candidate;isolated_small_atom;unresolved_atom；支持像素轴 L=123.908631, W=112.039951；关系=single_or_unresolved_relation。",true,true,false,false,BLIND_OBJECT_004 的决定性盲审依据是：底部主体、左下孤立点和上部弱点形成可见三角支撑，背景纹理不主导。,也可能只是局部高亮散射组合；需要冻结后在 eval 阶段检查其与目标区域的关系，但盲审阶段不使用该信息。,与同图中的横向红色/白色长条相比，该对象有下方主体和端点/侧边的近距离组合。,medium,outputs/wgv3_6a_a1_8a_r1_20260711/blind_sheet_001.png
BRV_0005,BLIND_FRAME_005,BLIND_OBJECT_005,structure_candidate,"BLIND_OBJECT_005 / BLIND_FRAME_005: 只有两个端点热点和一段斜向弱线，可见端点部件但没有主体宽度。 候选角色=endpoint_hotspot_candidate;unresolved_atom；支持像素轴 L=144.453489, W=114.922235；关系=single_or_unresolved_relation。",true,false,false,false,BLIND_OBJECT_005 的决定性盲审依据是：只有两个端点热点和一段斜向弱线，可见端点部件但没有主体宽度。,可能是弱车辆部件，也可能是截断背景纹理；盲审只确认局部部件迹象，不确认完整车辆结构。,同图其他对象要么更像横向弧线，要么是孤立强点；该对象只保留局部部件证据。,low_to_medium,outputs/wgv3_6a_a1_8a_r1_20260711/blind_sheet_001.png
BRV_0006,BLIND_FRAME_006,BLIND_OBJECT_006,structure_candidate,"BLIND_OBJECT_006 / BLIND_FRAME_006: 图上主要是未分解斜向弱响应，没有稳定主体块或端点闭合。 候选角色=unresolved_atom；支持像素轴 L=131.424352, W=86.195488；关系=single_or_unresolved_relation。",false,false,false,true,BLIND_OBJECT_006 的决定性盲审依据是：图上主要是未分解斜向弱响应，没有稳定主体块或端点闭合。,可能是弱车体、背景纹理或分割碎片；当前可见结构不足以独立归类。,与可接受的主体-端点组合相比，它缺少至少一个关键部件或距离过长。,low,outputs/wgv3_6a_a1_8a_r1_20260711/blind_sheet_001.png
BRV_0007,BLIND_FRAME_007,BLIND_OBJECT_007,structure_candidate,"BLIND_OBJECT_007 / BLIND_FRAME_007: 底部端点簇与右侧主体块靠近，形成主体-端点局部组合。 候选角色=body_core_candidate;endpoint_hotspot_candidate;unresolved_atom；支持像素轴 L=144.695396, W=106.384034；关系=core_to_endpoint_candidate。",true,true,false,false,BLIND_OBJECT_007 的决定性盲审依据是：底部端点簇与右侧主体块靠近，形成主体-端点局部组合。,也可能只是局部高亮散射组合；需要冻结后在 eval 阶段检查其与目标区域的关系，但盲审阶段不使用该信息。,与同图中的横向红色/白色长条相比，该对象有下方主体和端点/侧边的近距离组合。,medium,outputs/wgv3_6a_a1_8a_r1_20260711/blind_sheet_001.png
BRV_0008,BLIND_FRAME_008,BLIND_OBJECT_008,structure_candidate,"BLIND_OBJECT_008 / BLIND_FRAME_008: 底部端点和右侧主体在同一局部窗口内闭合，左右上方背景候选分离。 候选角色=body_core_candidate;endpoint_hotspot_candidate;isolated_small_atom；支持像素轴 L=108.398862, W=78.66672；关系=core_to_endpoint_candidate。",true,true,false,false,BLIND_OBJECT_008 的决定性盲审依据是：底部端点和右侧主体在同一局部窗口内闭合，左右上方背景候选分离。,也可能只是局部高亮散射组合；需要冻结后在 eval 阶段检查其与目标区域的关系，但盲审阶段不使用该信息。,与同图中的横向红色/白色长条相比，该对象有下方主体和端点/侧边的近距离组合。,medium,outputs/wgv3_6a_a1_8a_r1_20260711/blind_sheet_001.png
BRV_0009,BLIND_FRAME_008,BLIND_OBJECT_009,structure_candidate,"BLIND_OBJECT_009 / BLIND_FRAME_008: 上方横向细长亮带与 fan 弧向一致，缺少下方主体闭合。 候选角色=background_arc_candidate；支持像素轴 L=35.09073, W=7.154184；关系=background_arc_conflict。",false,false,true,false,BLIND_OBJECT_009 的决定性盲审依据是：上方横向细长亮带与 fan 弧向一致，缺少下方主体闭合。,如果后验发现它靠近目标，也只能说明背景弧线与目标区域混叠；盲审不能把横向弧线当作车体。,它比下方主体候选更亮或更长，但缺少主体-端点闭合，不能作为车辆解释。,medium,outputs/wgv3_6a_a1_8a_r1_20260711/blind_sheet_001.png
BRV_0010,BLIND_FRAME_008,BLIND_OBJECT_010,structure_candidate,"BLIND_OBJECT_010 / BLIND_FRAME_008: 右上红色短横带独立成弧线，不与底部主体构成车辆宽度。 候选角色=background_arc_candidate；支持像素轴 L=25.403533, W=9.340987；关系=background_arc_conflict。",false,false,true,false,BLIND_OBJECT_010 的决定性盲审依据是：右上红色短横带独立成弧线，不与底部主体构成车辆宽度。,如果后验发现它靠近目标，也只能说明背景弧线与目标区域混叠；盲审不能把横向弧线当作车体。,它比下方主体候选更亮或更长，但缺少主体-端点闭合，不能作为车辆解释。,medium,outputs/wgv3_6a_a1_8a_r1_20260711/blind_sheet_001.png
BRV_0011,BLIND_FRAME_009,BLIND_OBJECT_011,structure_candidate,"BLIND_OBJECT_011 / BLIND_FRAME_009: 主体、侧边和端点候选同时出现，底部组合比同帧红色弧线更像局部车辆结构。 候选角色=body_core_candidate;endpoint_hotspot_candidate;isolated_small_atom;side_ridge_candidate；支持像素轴 L=216.442951, W=83.08784；关系=core_to_side_candidate;core_to_endpoint_candidate;side_to_endpoint_candidate。",true,true,false,false,BLIND_OBJECT_011 的决定性盲审依据是：主体、侧边和端点候选同时出现，底部组合比同帧红色弧线更像局部车辆结构。,也可能只是局部高亮散射组合；需要冻结后在 eval 阶段检查其与目标区域的关系，但盲审阶段不使用该信息。,与同图中的横向红色/白色长条相比，该对象有下方主体和端点/侧边的近距离组合。,medium,outputs/wgv3_6a_a1_8a_r1_20260711/blind_sheet_001.png
BRV_0012,BLIND_FRAME_009,BLIND_OBJECT_012,structure_candidate,"BLIND_OBJECT_012 / BLIND_FRAME_009: 右上横向背景弧线亮但远离底部主体，几何上不闭合。 候选角色=background_arc_candidate；支持像素轴 L=27.48932, W=10.06184；关系=background_arc_conflict。",false,false,true,false,BLIND_OBJECT_012 的决定性盲审依据是：右上横向背景弧线亮但远离底部主体，几何上不闭合。,如果后验发现它靠近目标，也只能说明背景弧线与目标区域混叠；盲审不能把横向弧线当作车体。,它比下方主体候选更亮或更长，但缺少主体-端点闭合，不能作为车辆解释。,medium,outputs/wgv3_6a_a1_8a_r1_20260711/blind_sheet_001.png
BRV_0013,BLIND_FRAME_010,BLIND_OBJECT_013,structure_candidate,"BLIND_OBJECT_013 / BLIND_FRAME_010: 单条斜向侧边跨过暗区，缺少底部主体和端点配对。 候选角色=isolated_small_atom;side_ridge_candidate;unresolved_atom；支持像素轴 L=180.556045, W=108.329301；关系=single_or_unresolved_relation。",false,false,false,true,BLIND_OBJECT_013 的决定性盲审依据是：单条斜向侧边跨过暗区，缺少底部主体和端点配对。,可能是弱车体、背景纹理或分割碎片；当前可见结构不足以独立归类。,与可接受的主体-端点组合相比，它缺少至少一个关键部件或距离过长。,low,outputs/wgv3_6a_a1_8a_r1_20260711/blind_sheet_001.png
BRV_0014,BLIND_FRAME_011,BLIND_OBJECT_014,structure_candidate,"BLIND_OBJECT_014 / BLIND_FRAME_011: 底部主体块可见，但上方孤立点偏散，支持车辆部件而不是完整结构。 候选角色=body_core_candidate;isolated_small_atom;unresolved_atom；支持像素轴 L=110.717502, W=42.535746；关系=single_or_unresolved_relation。",true,false,false,false,BLIND_OBJECT_014 的决定性盲审依据是：底部主体块可见，但上方孤立点偏散，支持车辆部件而不是完整结构。,可能是弱车辆部件，也可能是截断背景纹理；盲审只确认局部部件迹象，不确认完整车辆结构。,同图其他对象要么更像横向弧线，要么是孤立强点；该对象只保留局部部件证据。,low_to_medium,outputs/wgv3_6a_a1_8a_r1_20260711/blind_sheet_002.png
BRV_0015,BLIND_FRAME_011,BLIND_OBJECT_015,structure_candidate,"BLIND_OBJECT_015 / BLIND_FRAME_011: 左上长横带亮且平直，视觉上是背景弧线/条纹。 候选角色=background_arc_candidate；支持像素轴 L=132.762232, W=18.321777；关系=background_arc_conflict。",false,false,true,false,BLIND_OBJECT_015 的决定性盲审依据是：左上长横带亮且平直，视觉上是背景弧线/条纹。,如果后验发现它靠近目标，也只能说明背景弧线与目标区域混叠；盲审不能把横向弧线当作车体。,它比下方主体候选更亮或更长，但缺少主体-端点闭合，不能作为车辆解释。,medium,outputs/wgv3_6a_a1_8a_r1_20260711/blind_sheet_002.png
BRV_0016,BLIND_FRAME_011,BLIND_OBJECT_016,structure_candidate,"BLIND_OBJECT_016 / BLIND_FRAME_011: 右上短横带与 015 同类，亮度高但没有主体-端点关系。 候选角色=background_arc_candidate；支持像素轴 L=47.444052, W=13.103666；关系=background_arc_conflict。",false,false,true,false,BLIND_OBJECT_016 的决定性盲审依据是：右上短横带与 015 同类，亮度高但没有主体-端点关系。,如果后验发现它靠近目标，也只能说明背景弧线与目标区域混叠；盲审不能把横向弧线当作车体。,它比下方主体候选更亮或更长，但缺少主体-端点闭合，不能作为车辆解释。,medium,outputs/wgv3_6a_a1_8a_r1_20260711/blind_sheet_002.png
BRV_0017,BLIND_FRAME_012,BLIND_OBJECT_017,structure_candidate,"BLIND_OBJECT_017 / BLIND_FRAME_012: 左下主体与右下端点、上部弱点构成局部闭合，虽然边缘截断明显。 候选角色=body_core_candidate;unresolved_atom；支持像素轴 L=158.517276, W=124.55859；关系=single_or_unresolved_relation。",true,true,false,false,BLIND_OBJECT_017 的决定性盲审依据是：左下主体与右下端点、上部弱点构成局部闭合，虽然边缘截断明显。,也可能只是局部高亮散射组合；需要冻结后在 eval 阶段检查其与目标区域的关系，但盲审阶段不使用该信息。,与同图中的横向红色/白色长条相比，该对象有下方主体和端点/侧边的近距离组合。,medium,outputs/wgv3_6a_a1_8a_r1_20260711/blind_sheet_002.png
BRV_0018,BLIND_FRAME_013,BLIND_OBJECT_018,structure_candidate,"BLIND_OBJECT_018 / BLIND_FRAME_013: 下方主体与中部侧边相邻，右侧孤立小点不改变主体支撑。 候选角色=body_core_candidate;side_ridge_candidate;unresolved_atom；支持像素轴 L=151.949153, W=116.258017；关系=core_to_side_candidate。",true,true,false,false,BLIND_OBJECT_018 的决定性盲审依据是：下方主体与中部侧边相邻，右侧孤立小点不改变主体支撑。,也可能只是局部高亮散射组合；需要冻结后在 eval 阶段检查其与目标区域的关系，但盲审阶段不使用该信息。,与同图中的横向红色/白色长条相比，该对象有下方主体和端点/侧边的近距离组合。,medium,outputs/wgv3_6a_a1_8a_r1_20260711/blind_sheet_002.png
BRV_0019,BLIND_FRAME_014,BLIND_OBJECT_019,structure_candidate,"BLIND_OBJECT_019 / BLIND_FRAME_014: 主体、侧边和端点候选在同一白框内连续，横向背景不占主导。 候选角色=body_core_candidate;side_ridge_candidate;unresolved_atom；支持像素轴 L=141.730412, W=119.980177；关系=core_to_side_candidate。",true,true,false,false,BLIND_OBJECT_019 的决定性盲审依据是：主体、侧边和端点候选在同一白框内连续，横向背景不占主导。,也可能只是局部高亮散射组合；需要冻结后在 eval 阶段检查其与目标区域的关系，但盲审阶段不使用该信息。,与同图中的横向红色/白色长条相比，该对象有下方主体和端点/侧边的近距离组合。,medium,outputs/wgv3_6a_a1_8a_r1_20260711/blind_sheet_002.png
BRV_0020,BLIND_FRAME_015,BLIND_OBJECT_020,structure_candidate,"BLIND_OBJECT_020 / BLIND_FRAME_015: 底部主体存在，但上方红色横带很强，车辆部件支持被背景弧线干扰。 候选角色=body_core_candidate;unresolved_atom；支持像素轴 L=159.328549, W=66.494131；关系=single_or_unresolved_relation。",true,false,false,false,BLIND_OBJECT_020 的决定性盲审依据是：底部主体存在，但上方红色横带很强，车辆部件支持被背景弧线干扰。,可能是弱车辆部件，也可能是截断背景纹理；盲审只确认局部部件迹象，不确认完整车辆结构。,同图其他对象要么更像横向弧线，要么是孤立强点；该对象只保留局部部件证据。,low_to_medium,outputs/wgv3_6a_a1_8a_r1_20260711/blind_sheet_002.png
BRV_0021,BLIND_FRAME_015,BLIND_OBJECT_021,structure_candidate,"BLIND_OBJECT_021 / BLIND_FRAME_015: 上方长横带跨越窗口，是典型背景弧线；下方主体不属于该对象。 候选角色=background_arc_candidate；支持像素轴 L=141.297208, W=37.675408；关系=background_arc_conflict。",false,false,true,false,BLIND_OBJECT_021 的决定性盲审依据是：上方长横带跨越窗口，是典型背景弧线；下方主体不属于该对象。,如果后验发现它靠近目标，也只能说明背景弧线与目标区域混叠；盲审不能把横向弧线当作车体。,它比下方主体候选更亮或更长，但缺少主体-端点闭合，不能作为车辆解释。,medium,outputs/wgv3_6a_a1_8a_r1_20260711/blind_sheet_002.png
BRV_0022,BLIND_FRAME_016,BLIND_OBJECT_022,structure_candidate,"BLIND_OBJECT_022 / BLIND_FRAME_016: 主体块、左侧边和右端弱点构成局部闭合，红色背景对象与其分离。 候选角色=body_core_candidate;side_ridge_candidate;unresolved_atom；支持像素轴 L=158.180856, W=122.566815；关系=core_to_side_candidate。",true,true,false,false,BLIND_OBJECT_022 的决定性盲审依据是：主体块、左侧边和右端弱点构成局部闭合，红色背景对象与其分离。,也可能只是局部高亮散射组合；需要冻结后在 eval 阶段检查其与目标区域的关系，但盲审阶段不使用该信息。,与同图中的横向红色/白色长条相比，该对象有下方主体和端点/侧边的近距离组合。,medium,outputs/wgv3_6a_a1_8a_r1_20260711/blind_sheet_002.png
BRV_0023,BLIND_FRAME_016,BLIND_OBJECT_023,structure_candidate,"BLIND_OBJECT_023 / BLIND_FRAME_016: 右上小横带独立且与主体块断开，属于背景弧线/条纹。 候选角色=background_arc_candidate；支持像素轴 L=15.543756, W=5.137642；关系=background_arc_conflict。",false,false,true,false,BLIND_OBJECT_023 的决定性盲审依据是：右上小横带独立且与主体块断开，属于背景弧线/条纹。,如果后验发现它靠近目标，也只能说明背景弧线与目标区域混叠；盲审不能把横向弧线当作车体。,它比下方主体候选更亮或更长，但缺少主体-端点闭合，不能作为车辆解释。,medium,outputs/wgv3_6a_a1_8a_r1_20260711/blind_sheet_002.png
BRV_0024,BLIND_FRAME_017,BLIND_OBJECT_024,structure_candidate,"BLIND_OBJECT_024 / BLIND_FRAME_017: 底部主体块可见，右上端弱点连接过长，判断为局部部件支持。 候选角色=body_core_candidate;isolated_small_atom;unresolved_atom；支持像素轴 L=150.921522, W=64.504236；关系=single_or_unresolved_relation。",true,false,false,false,BLIND_OBJECT_024 的决定性盲审依据是：底部主体块可见，右上端弱点连接过长，判断为局部部件支持。,可能是弱车辆部件，也可能是截断背景纹理；盲审只确认局部部件迹象，不确认完整车辆结构。,同图其他对象要么更像横向弧线，要么是孤立强点；该对象只保留局部部件证据。,low_to_medium,outputs/wgv3_6a_a1_8a_r1_20260711/blind_sheet_002.png
BRV_0025,BLIND_FRAME_017,BLIND_OBJECT_025,structure_candidate,"BLIND_OBJECT_025 / BLIND_FRAME_017: 上方长横线横贯窗口，亮但不形成车辆主体宽度。 候选角色=background_arc_candidate；支持像素轴 L=151.195885, W=35.698671；关系=background_arc_conflict。",false,false,true,false,BLIND_OBJECT_025 的决定性盲审依据是：上方长横线横贯窗口，亮但不形成车辆主体宽度。,如果后验发现它靠近目标，也只能说明背景弧线与目标区域混叠；盲审不能把横向弧线当作车体。,它比下方主体候选更亮或更长，但缺少主体-端点闭合，不能作为车辆解释。,medium,outputs/wgv3_6a_a1_8a_r1_20260711/blind_sheet_002.png
BRV_0026,BLIND_FRAME_018,BLIND_OBJECT_026,structure_candidate,"BLIND_OBJECT_026 / BLIND_FRAME_018: 下方端点热点较清楚，上方弱点松散，只有端点部件证据。 候选角色=endpoint_hotspot_candidate;unresolved_atom；支持像素轴 L=136.233264, W=119.142537；关系=single_or_unresolved_relation。",true,false,false,false,BLIND_OBJECT_026 的决定性盲审依据是：下方端点热点较清楚，上方弱点松散，只有端点部件证据。,可能是弱车辆部件，也可能是截断背景纹理；盲审只确认局部部件迹象，不确认完整车辆结构。,同图其他对象要么更像横向弧线，要么是孤立强点；该对象只保留局部部件证据。,low_to_medium,outputs/wgv3_6a_a1_8a_r1_20260711/blind_sheet_002.png
BRV_0027,BLIND_FRAME_019,BLIND_OBJECT_027,structure_candidate,"BLIND_OBJECT_027 / BLIND_FRAME_019: 框内主要是弱散点和斜线，没有可辨主体或端点组合。 候选角色=unresolved_atom；支持像素轴 L=134.16489, W=124.813983；关系=single_or_unresolved_relation。",false,false,false,true,BLIND_OBJECT_027 的决定性盲审依据是：框内主要是弱散点和斜线，没有可辨主体或端点组合。,可能是弱车体、背景纹理或分割碎片；当前可见结构不足以独立归类。,与可接受的主体-端点组合相比，它缺少至少一个关键部件或距离过长。,low,outputs/wgv3_6a_a1_8a_r1_20260711/blind_sheet_002.png
BRV_0028,BLIND_FRAME_020,BLIND_OBJECT_028,structure_candidate,"BLIND_OBJECT_028 / BLIND_FRAME_020: 底部端点热点存在，但只有一条斜向连接，车辆结构不闭合。 候选角色=endpoint_hotspot_candidate;unresolved_atom；支持像素轴 L=132.906887, W=118.352774；关系=single_or_unresolved_relation。",true,false,false,false,BLIND_OBJECT_028 的决定性盲审依据是：底部端点热点存在，但只有一条斜向连接，车辆结构不闭合。,可能是弱车辆部件，也可能是截断背景纹理；盲审只确认局部部件迹象，不确认完整车辆结构。,同图其他对象要么更像横向弧线，要么是孤立强点；该对象只保留局部部件证据。,low_to_medium,outputs/wgv3_6a_a1_8a_r1_20260711/blind_sheet_002.png
BRV_0029,BLIND_FRAME_021,BLIND_OBJECT_029,structure_candidate,"BLIND_OBJECT_029 / BLIND_FRAME_021: 单条弱横/斜线悬在纹理中，缺少局部主体响应。 候选角色=unresolved_atom；支持像素轴 L=123.629562, W=119.131078；关系=single_or_unresolved_relation。",false,false,false,true,BLIND_OBJECT_029 的决定性盲审依据是：单条弱横/斜线悬在纹理中，缺少局部主体响应。,可能是弱车体、背景纹理或分割碎片；当前可见结构不足以独立归类。,与可接受的主体-端点组合相比，它缺少至少一个关键部件或距离过长。,low,outputs/wgv3_6a_a1_8a_r1_20260711/blind_sheet_003.png
BRV_0030,BLIND_FRAME_022,BLIND_OBJECT_030,structure_candidate,"BLIND_OBJECT_030 / BLIND_FRAME_022: 左下端点簇清楚，但没有相邻主体块，保留为端点部件支持。 候选角色=endpoint_hotspot_candidate;unresolved_atom；支持像素轴 L=138.289437, W=115.7511；关系=single_or_unresolved_relation。",true,false,false,false,BLIND_OBJECT_030 的决定性盲审依据是：左下端点簇清楚，但没有相邻主体块，保留为端点部件支持。,可能是弱车辆部件，也可能是截断背景纹理；盲审只确认局部部件迹象，不确认完整车辆结构。,同图其他对象要么更像横向弧线，要么是孤立强点；该对象只保留局部部件证据。,low_to_medium,outputs/wgv3_6a_a1_8a_r1_20260711/blind_sheet_003.png
BRV_0031,BLIND_FRAME_023,BLIND_OBJECT_031,structure_candidate,"BLIND_OBJECT_031 / BLIND_FRAME_023: 左下端点连到右上孤立点，跨度过长且中间缺少车身响应。 候选角色=endpoint_hotspot_candidate;isolated_small_atom;unresolved_atom；支持像素轴 L=137.090928, W=124.752325；关系=single_or_unresolved_relation。",false,false,false,true,BLIND_OBJECT_031 的决定性盲审依据是：左下端点连到右上孤立点，跨度过长且中间缺少车身响应。,可能是弱车体、背景纹理或分割碎片；当前可见结构不足以独立归类。,与可接受的主体-端点组合相比，它缺少至少一个关键部件或距离过长。,low,outputs/wgv3_6a_a1_8a_r1_20260711/blind_sheet_003.png
BRV_0032,BLIND_FRAME_024,BLIND_OBJECT_032,structure_candidate,"BLIND_OBJECT_032 / BLIND_FRAME_024: 与 031 类似，端点到右上孤立点的连线过长，不构成闭合。 候选角色=endpoint_hotspot_candidate;isolated_small_atom;unresolved_atom；支持像素轴 L=141.825208, W=126.240445；关系=single_or_unresolved_relation。",false,false,false,true,BLIND_OBJECT_032 的决定性盲审依据是：与 031 类似，端点到右上孤立点的连线过长，不构成闭合。,可能是弱车体、背景纹理或分割碎片；当前可见结构不足以独立归类。,与可接受的主体-端点组合相比，它缺少至少一个关键部件或距离过长。,low,outputs/wgv3_6a_a1_8a_r1_20260711/blind_sheet_003.png
BRV_0033,BLIND_FRAME_025,BLIND_OBJECT_033,structure_candidate,"BLIND_OBJECT_033 / BLIND_FRAME_025: 弱斜线和左下孤立小点为主，主体宽度不可见。 候选角色=isolated_small_atom;unresolved_atom；支持像素轴 L=141.406247, W=103.731966；关系=single_or_unresolved_relation。",false,false,false,true,BLIND_OBJECT_033 的决定性盲审依据是：弱斜线和左下孤立小点为主，主体宽度不可见。,可能是弱车体、背景纹理或分割碎片；当前可见结构不足以独立归类。,与可接受的主体-端点组合相比，它缺少至少一个关键部件或距离过长。,low,outputs/wgv3_6a_a1_8a_r1_20260711/blind_sheet_003.png
BRV_0034,BLIND_FRAME_026,BLIND_OBJECT_034,structure_candidate,"BLIND_OBJECT_034 / BLIND_FRAME_026: 底部端点框较亮，中心弱点不足以闭合车辆，只支持局部端点。 候选角色=endpoint_hotspot_candidate;isolated_small_atom;unresolved_atom；支持像素轴 L=136.008017, W=96.447518；关系=single_or_unresolved_relation。",true,false,false,false,BLIND_OBJECT_034 的决定性盲审依据是：底部端点框较亮，中心弱点不足以闭合车辆，只支持局部端点。,可能是弱车辆部件，也可能是截断背景纹理；盲审只确认局部部件迹象，不确认完整车辆结构。,同图其他对象要么更像横向弧线，要么是孤立强点；该对象只保留局部部件证据。,low_to_medium,outputs/wgv3_6a_a1_8a_r1_20260711/blind_sheet_003.png
BRV_0035,BLIND_FRAME_027,BLIND_OBJECT_035,structure_candidate,"BLIND_OBJECT_035 / BLIND_FRAME_027: 左下孤立点到右上点的长斜线更像纹理连接，缺主体。 候选角色=isolated_small_atom;unresolved_atom；支持像素轴 L=132.727758, W=99.371504；关系=single_or_unresolved_relation。",false,false,false,true,BLIND_OBJECT_035 的决定性盲审依据是：左下孤立点到右上点的长斜线更像纹理连接，缺主体。,可能是弱车体、背景纹理或分割碎片；当前可见结构不足以独立归类。,与可接受的主体-端点组合相比，它缺少至少一个关键部件或距离过长。,low,outputs/wgv3_6a_a1_8a_r1_20260711/blind_sheet_003.png
BRV_0036,BLIND_FRAME_028,BLIND_OBJECT_036,structure_candidate,"BLIND_OBJECT_036 / BLIND_FRAME_028: 右上孤立点和中部弱线断裂，未形成可解释车辆部件。 候选角色=isolated_small_atom;unresolved_atom；支持像素轴 L=116.8209, W=86.270393；关系=single_or_unresolved_relation。",false,false,false,true,BLIND_OBJECT_036 的决定性盲审依据是：右上孤立点和中部弱线断裂，未形成可解释车辆部件。,可能是弱车体、背景纹理或分割碎片；当前可见结构不足以独立归类。,与可接受的主体-端点组合相比，它缺少至少一个关键部件或距离过长。,low,outputs/wgv3_6a_a1_8a_r1_20260711/blind_sheet_003.png
BRV_0037,BLIND_FRAME_029,BLIND_OBJECT_037,structure_candidate,"BLIND_OBJECT_037 / BLIND_FRAME_029: 右下主体块可见，但上方孤立点多且分散，只能支持局部车身。 候选角色=body_core_candidate;isolated_small_atom;unresolved_atom；支持像素轴 L=140.195184, W=110.03303；关系=single_or_unresolved_relation。",true,false,false,false,BLIND_OBJECT_037 的决定性盲审依据是：右下主体块可见，但上方孤立点多且分散，只能支持局部车身。,可能是弱车辆部件，也可能是截断背景纹理；盲审只确认局部部件迹象，不确认完整车辆结构。,同图其他对象要么更像横向弧线，要么是孤立强点；该对象只保留局部部件证据。,low_to_medium,outputs/wgv3_6a_a1_8a_r1_20260711/blind_sheet_003.png
BRV_0038,BLIND_FRAME_030,BLIND_OBJECT_038,structure_candidate,"BLIND_OBJECT_038 / BLIND_FRAME_030: 右下端点框明显，左上弱线距离远，作为端点部件保留。 候选角色=endpoint_hotspot_candidate;isolated_small_atom;unresolved_atom；支持像素轴 L=140.803815, W=122.245158；关系=single_or_unresolved_relation。",true,false,false,false,BLIND_OBJECT_038 的决定性盲审依据是：右下端点框明显，左上弱线距离远，作为端点部件保留。,可能是弱车辆部件，也可能是截断背景纹理；盲审只确认局部部件迹象，不确认完整车辆结构。,同图其他对象要么更像横向弧线，要么是孤立强点；该对象只保留局部部件证据。,low_to_medium,outputs/wgv3_6a_a1_8a_r1_20260711/blind_sheet_003.png
BRV_0039,BLIND_FRAME_031,BLIND_OBJECT_039,structure_candidate,"BLIND_OBJECT_039 / BLIND_FRAME_031: 中下端点和右上孤立点相连，主体缺失，无法独立判车。 候选角色=endpoint_hotspot_candidate;isolated_small_atom;unresolved_atom；支持像素轴 L=138.723387, W=115.755864；关系=single_or_unresolved_relation。",false,false,false,true,BLIND_OBJECT_039 的决定性盲审依据是：中下端点和右上孤立点相连，主体缺失，无法独立判车。,可能是弱车体、背景纹理或分割碎片；当前可见结构不足以独立归类。,与可接受的主体-端点组合相比，它缺少至少一个关键部件或距离过长。,low,outputs/wgv3_6a_a1_8a_r1_20260711/blind_sheet_004.png
BRV_0040,BLIND_FRAME_032,BLIND_OBJECT_040,structure_candidate,"BLIND_OBJECT_040 / BLIND_FRAME_032: 竖向小端点亮但孤立，周围没有主体-侧边组合。 候选角色=endpoint_hotspot_candidate;unresolved_atom；支持像素轴 L=133.836673, W=122.1179；关系=single_or_unresolved_relation。",false,false,false,true,BLIND_OBJECT_040 的决定性盲审依据是：竖向小端点亮但孤立，周围没有主体-侧边组合。,可能是弱车体、背景纹理或分割碎片；当前可见结构不足以独立归类。,与可接受的主体-端点组合相比，它缺少至少一个关键部件或距离过长。,low,outputs/wgv3_6a_a1_8a_r1_20260711/blind_sheet_004.png
BRV_0041,BLIND_FRAME_033,BLIND_OBJECT_041,structure_candidate,"BLIND_OBJECT_041 / BLIND_FRAME_033: 左下主体和右侧端点同框，支持局部车辆部件；右上孤立点不稳定。 候选角色=body_core_candidate;endpoint_hotspot_candidate;isolated_small_atom;unresolved_atom；支持像素轴 L=133.965154, W=125.813845；关系=core_to_endpoint_candidate。",true,false,false,false,BLIND_OBJECT_041 的决定性盲审依据是：左下主体和右侧端点同框，支持局部车辆部件；右上孤立点不稳定。,可能是弱车辆部件，也可能是截断背景纹理；盲审只确认局部部件迹象，不确认完整车辆结构。,同图其他对象要么更像横向弧线，要么是孤立强点；该对象只保留局部部件证据。,low_to_medium,outputs/wgv3_6a_a1_8a_r1_20260711/blind_sheet_004.png
BRV_0042,BLIND_FRAME_034,BLIND_OBJECT_042,structure_candidate,"BLIND_OBJECT_042 / BLIND_FRAME_034: 主体和端点位置重复出现，局部形态稳定，但仍有右侧孤立干扰。 候选角色=body_core_candidate;endpoint_hotspot_candidate;unresolved_atom；支持像素轴 L=139.895797, W=129.828514；关系=core_to_endpoint_candidate。",true,false,false,false,BLIND_OBJECT_042 的决定性盲审依据是：主体和端点位置重复出现，局部形态稳定，但仍有右侧孤立干扰。,可能是弱车辆部件，也可能是截断背景纹理；盲审只确认局部部件迹象，不确认完整车辆结构。,同图其他对象要么更像横向弧线，要么是孤立强点；该对象只保留局部部件证据。,low_to_medium,outputs/wgv3_6a_a1_8a_r1_20260711/blind_sheet_004.png
BRV_0043,BLIND_FRAME_035,BLIND_OBJECT_043,structure_candidate,"BLIND_OBJECT_043 / BLIND_FRAME_035: 主体块贴近底部，端点在右侧，视觉上是部分车辆响应而非完整框。 候选角色=body_core_candidate;endpoint_hotspot_candidate;isolated_small_atom;unresolved_atom；支持像素轴 L=145.48492, W=130.251883；关系=core_to_endpoint_candidate。",true,false,false,false,BLIND_OBJECT_043 的决定性盲审依据是：主体块贴近底部，端点在右侧，视觉上是部分车辆响应而非完整框。,可能是弱车辆部件，也可能是截断背景纹理；盲审只确认局部部件迹象，不确认完整车辆结构。,同图其他对象要么更像横向弧线，要么是孤立强点；该对象只保留局部部件证据。,low_to_medium,outputs/wgv3_6a_a1_8a_r1_20260711/blind_sheet_004.png
BRV_0044,BLIND_FRAME_036,BLIND_OBJECT_044,structure_candidate,"BLIND_OBJECT_044 / BLIND_FRAME_036: 主体、端点和右上孤立点构成宽三角，但闭合边界仍不充分。 候选角色=body_core_candidate;endpoint_hotspot_candidate;isolated_small_atom;unresolved_atom；支持像素轴 L=136.222541, W=126.879485；关系=core_to_endpoint_candidate。",true,false,false,false,BLIND_OBJECT_044 的决定性盲审依据是：主体、端点和右上孤立点构成宽三角，但闭合边界仍不充分。,可能是弱车辆部件，也可能是截断背景纹理；盲审只确认局部部件迹象，不确认完整车辆结构。,同图其他对象要么更像横向弧线，要么是孤立强点；该对象只保留局部部件证据。,low_to_medium,outputs/wgv3_6a_a1_8a_r1_20260711/blind_sheet_004.png
BRV_0045,BLIND_FRAME_037,BLIND_OBJECT_045,structure_candidate,"BLIND_OBJECT_045 / BLIND_FRAME_037: 只有端点与孤立点，缺少主体宽度，不能给车辆部件强结论。 候选角色=endpoint_hotspot_candidate;isolated_small_atom;unresolved_atom；支持像素轴 L=146.812585, W=115.684636；关系=single_or_unresolved_relation。",false,false,false,true,BLIND_OBJECT_045 的决定性盲审依据是：只有端点与孤立点，缺少主体宽度，不能给车辆部件强结论。,可能是弱车体、背景纹理或分割碎片；当前可见结构不足以独立归类。,与可接受的主体-端点组合相比，它缺少至少一个关键部件或距离过长。,low,outputs/wgv3_6a_a1_8a_r1_20260711/blind_sheet_004.png
BRV_0046,BLIND_FRAME_038,BLIND_OBJECT_046,structure_candidate,"BLIND_OBJECT_046 / BLIND_FRAME_038: 左下主体和右侧端点可见，支持局部车辆部件，背景较弱。 候选角色=body_core_candidate;endpoint_hotspot_candidate;unresolved_atom；支持像素轴 L=143.471366, W=117.057337；关系=core_to_endpoint_candidate。",true,false,false,false,BLIND_OBJECT_046 的决定性盲审依据是：左下主体和右侧端点可见，支持局部车辆部件，背景较弱。,可能是弱车辆部件，也可能是截断背景纹理；盲审只确认局部部件迹象，不确认完整车辆结构。,同图其他对象要么更像横向弧线，要么是孤立强点；该对象只保留局部部件证据。,low_to_medium,outputs/wgv3_6a_a1_8a_r1_20260711/blind_sheet_004.png
BRV_0047,BLIND_FRAME_039,BLIND_OBJECT_047,structure_candidate,"BLIND_OBJECT_047 / BLIND_FRAME_039: 底部主体块独立清楚，上方弱点不够闭合，判为主体部件。 候选角色=body_core_candidate;unresolved_atom；支持像素轴 L=143.469898, W=120.053564；关系=single_or_unresolved_relation。",true,false,false,false,BLIND_OBJECT_047 的决定性盲审依据是：底部主体块独立清楚，上方弱点不够闭合，判为主体部件。,可能是弱车辆部件，也可能是截断背景纹理；盲审只确认局部部件迹象，不确认完整车辆结构。,同图其他对象要么更像横向弧线，要么是孤立强点；该对象只保留局部部件证据。,low_to_medium,outputs/wgv3_6a_a1_8a_r1_20260711/blind_sheet_004.png
BRV_0048,BLIND_FRAME_040,BLIND_OBJECT_048,structure_candidate,"BLIND_OBJECT_048 / BLIND_FRAME_040: 主体、端点和孤立点三者同框，构成部分车辆响应但存在右上干扰。 候选角色=body_core_candidate;endpoint_hotspot_candidate;isolated_small_atom;unresolved_atom；支持像素轴 L=149.412433, W=124.595938；关系=core_to_endpoint_candidate。",true,false,false,false,BLIND_OBJECT_048 的决定性盲审依据是：主体、端点和孤立点三者同框，构成部分车辆响应但存在右上干扰。,可能是弱车辆部件，也可能是截断背景纹理；盲审只确认局部部件迹象，不确认完整车辆结构。,同图其他对象要么更像横向弧线，要么是孤立强点；该对象只保留局部部件证据。,low_to_medium,outputs/wgv3_6a_a1_8a_r1_20260711/blind_sheet_004.png
BRV_0049,BLIND_FRAME_041,BLIND_OBJECT_049,structure_candidate,"BLIND_OBJECT_049 / BLIND_FRAME_041: 底部主体块清晰，上方斜线提供弱连接，仍只是部件级支持。 候选角色=body_core_candidate;isolated_small_atom;unresolved_atom；支持像素轴 L=148.210875, W=123.15206；关系=single_or_unresolved_relation。",true,false,false,false,BLIND_OBJECT_049 的决定性盲审依据是：底部主体块清晰，上方斜线提供弱连接，仍只是部件级支持。,可能是弱车辆部件，也可能是截断背景纹理；盲审只确认局部部件迹象，不确认完整车辆结构。,同图其他对象要么更像横向弧线，要么是孤立强点；该对象只保留局部部件证据。,low_to_medium,outputs/wgv3_6a_a1_8a_r1_20260711/blind_sheet_004.png
BRV_0050,BLIND_FRAME_042,BLIND_OBJECT_050,structure_candidate,"BLIND_OBJECT_050 / BLIND_FRAME_042: 主体和小端点紧邻，右侧侧边候选分离，支持局部部件。 候选角色=body_core_candidate;endpoint_hotspot_candidate;unresolved_atom；支持像素轴 L=138.740474, W=117.328258；关系=core_to_endpoint_candidate。",true,false,false,false,BLIND_OBJECT_050 的决定性盲审依据是：主体和小端点紧邻，右侧侧边候选分离，支持局部部件。,可能是弱车辆部件，也可能是截断背景纹理；盲审只确认局部部件迹象，不确认完整车辆结构。,同图其他对象要么更像横向弧线，要么是孤立强点；该对象只保留局部部件证据。,low_to_medium,outputs/wgv3_6a_a1_8a_r1_20260711/blind_sheet_004.png
BRV_0051,BLIND_FRAME_043,BLIND_OBJECT_051,structure_candidate,"BLIND_OBJECT_051 / BLIND_FRAME_043: 左下主体块与右侧小点连线可见，但右侧孤立干扰较多。 候选角色=body_core_candidate;isolated_small_atom;unresolved_atom；支持像素轴 L=137.437853, W=119.005086；关系=single_or_unresolved_relation。",true,false,false,false,BLIND_OBJECT_051 的决定性盲审依据是：左下主体块与右侧小点连线可见，但右侧孤立干扰较多。,可能是弱车辆部件，也可能是截断背景纹理；盲审只确认局部部件迹象，不确认完整车辆结构。,同图其他对象要么更像横向弧线，要么是孤立强点；该对象只保留局部部件证据。,low_to_medium,outputs/wgv3_6a_a1_8a_r1_20260711/blind_sheet_004.png
BRV_0052,BLIND_FRAME_044,BLIND_OBJECT_052,structure_candidate,"BLIND_OBJECT_052 / BLIND_FRAME_044: 底部主体和下方小响应接近，属于截断局部部件。 候选角色=body_core_candidate;isolated_small_atom;unresolved_atom；支持像素轴 L=146.460652, W=115.982318；关系=single_or_unresolved_relation。",true,false,false,false,BLIND_OBJECT_052 的决定性盲审依据是：底部主体和下方小响应接近，属于截断局部部件。,可能是弱车辆部件，也可能是截断背景纹理；盲审只确认局部部件迹象，不确认完整车辆结构。,同图其他对象要么更像横向弧线，要么是孤立强点；该对象只保留局部部件证据。,low_to_medium,outputs/wgv3_6a_a1_8a_r1_20260711/blind_sheet_004.png
BRV_0053,BLIND_FRAME_045,BLIND_OBJECT_053,structure_candidate,"BLIND_OBJECT_053 / BLIND_FRAME_045: 底部侧边线、主体和小端点同时出现，支持局部车身/侧边组合。 候选角色=body_core_candidate;isolated_small_atom;side_ridge_candidate;unresolved_atom；支持像素轴 L=151.793563, W=121.230762；关系=core_to_side_candidate。",true,false,false,false,BLIND_OBJECT_053 的决定性盲审依据是：底部侧边线、主体和小端点同时出现，支持局部车身/侧边组合。,可能是弱车辆部件，也可能是截断背景纹理；盲审只确认局部部件迹象，不确认完整车辆结构。,同图其他对象要么更像横向弧线，要么是孤立强点；该对象只保留局部部件证据。,low_to_medium,outputs/wgv3_6a_a1_8a_r1_20260711/blind_sheet_004.png
BRV_0054,BLIND_FRAME_046,BLIND_OBJECT_054,structure_candidate,"BLIND_OBJECT_054 / BLIND_FRAME_046: 底部侧边线与上方弱点连接过长，缺少主体块，仍无法判定车辆。 候选角色=side_ridge_candidate;unresolved_atom；支持像素轴 L=162.752771, W=119.520399；关系=single_or_unresolved_relation。",false,false,false,true,BLIND_OBJECT_054 的决定性盲审依据是：底部侧边线与上方弱点连接过长，缺少主体块，仍无法判定车辆。,可能是弱车体、背景纹理或分割碎片；当前可见结构不足以独立归类。,与可接受的主体-端点组合相比，它缺少至少一个关键部件或距离过长。,low,outputs/wgv3_6a_a1_8a_r1_20260711/blind_sheet_004.png
