physical_vehicle_id,frame,source_detector,source_track_id,bbox,hard_edge_state,soft_edge_state,visible_front,visible_rear,visible_side,whole_body_confidence,depth_quality,direct_observable_full_stream,direct_observable_reason,paired_with_sar,cross_detector_support
PV_GM19_BLACK_SEDAN_NEAR_FIELD,0,yolo26l_probe,bt_0001,"123.223,342.616,705.465,598.302",bottom_contact,bottom_near_edge,true,false,true,0.66,depth_edge_mixed_risk,false,not_direct_full_stream;硬边缘接触:bottom_contact;宽度接近轨迹主体;高度接近轨迹主体;多检测源支持;depth_edge_mixed_risk;width_ok=true;height_ok=true;phase_ok=true;phase=0,true,yolo11l:iou=0.708;yolo26l:iou=1
PV_GM19_BLACK_SEDAN_NEAR_FIELD,1,yolo26l_probe,bt_0001,"172.014,347.161,744.78,598.597",bottom_contact,bottom_near_edge,true,false,true,0.66,depth_edge_mixed_risk,false,not_direct_full_stream;硬边缘接触:bottom_contact;宽度接近轨迹主体;高度接近轨迹主体;多检测源支持;depth_edge_mixed_risk;width_ok=true;height_ok=true;phase_ok=true;phase=0.091,false,yolo11l:iou=0.897;yolo26l:iou=0.751
PV_GM19_BLACK_SEDAN_NEAR_FIELD,2,yolo26l_probe,bt_0001,"220.345,356.585,772.313,598.682",bottom_contact,bottom_near_edge,true,false,true,0.66,depth_edge_mixed_risk,false,not_direct_full_stream;硬边缘接触:bottom_contact;宽度接近轨迹主体;高度接近轨迹主体;多检测源支持;depth_edge_mixed_risk;width_ok=true;height_ok=true;phase_ok=true;phase=0.182,true,yolo11l:iou=0.879;yolo26l:iou=0.86
PV_GM19_BLACK_SEDAN_NEAR_FIELD,3,yolo26l_probe,bt_0001,"257.156,365.314,788.479,598.221",bottom_contact,right_near_edge;bottom_near_edge,true,false,true,0.5,depth_edge_mixed_risk,false,not_direct_full_stream;硬边缘接触:bottom_contact;宽度接近轨迹主体;高度接近轨迹主体;多检测源支持;depth_edge_mixed_risk;width_ok=true;height_ok=true;phase_ok=true;phase=0.273,false,yolo11l:iou=0.958;yolo26l:iou=0.985
PV_GM19_BLACK_SEDAN_NEAR_FIELD,4,yolo26l_probe,bt_0001,"295.429,374.187,804.489,597.669",right_contact,right_near_edge;bottom_near_edge,true,true,true,0.5,depth_edge_mixed_risk,false,not_direct_full_stream;硬边缘接触:right_contact;宽度接近轨迹主体;高度接近轨迹主体;多检测源支持;depth_edge_mixed_risk;width_ok=true;height_ok=true;phase_ok=true;phase=0.364,true,yolo11l:iou=0.957;yolo26l:iou=0.959
PV_GM19_BLACK_SEDAN_NEAR_FIELD,5,yolo26l_probe,bt_0001,"328.249,385.319,809.084,596.822",right_contact,right_near_edge;bottom_near_edge,true,true,true,0.5,depth_edge_mixed_risk,false,not_direct_full_stream;硬边缘接触:right_contact;宽度接近轨迹主体;高度接近轨迹主体;多检测源支持;depth_edge_mixed_risk;width_ok=true;height_ok=true;phase_ok=true;phase=0.455,false,yolo11l:iou=0.954;yolo26l:iou=0.949
PV_GM19_BLACK_SEDAN_NEAR_FIELD,6,yolo26l_probe,bt_0001,"352.329,386.261,826.59,596.532",right_contact,right_near_edge;bottom_near_edge,true,true,true,0.5,depth_edge_mixed_risk,false,not_direct_full_stream;硬边缘接触:right_contact;宽度接近轨迹主体;高度接近轨迹主体;多检测源支持;depth_edge_mixed_risk;width_ok=true;height_ok=true;phase_ok=true;phase=0.545,false,yolo11l:iou=0.867;yolo26l:iou=0.874
PV_GM19_BLACK_SEDAN_NEAR_FIELD,7,yolo26l_probe,bt_0001,"368.297,380.83,847.785,596.569",right_contact,right_near_edge;bottom_near_edge,true,true,true,0.5,depth_edge_mixed_risk,false,not_direct_full_stream;硬边缘接触:right_contact;宽度接近轨迹主体;高度接近轨迹主体;多检测源支持;depth_edge_mixed_risk;width_ok=true;height_ok=true;phase_ok=true;phase=0.636,false,yolo11l:iou=0.782;yolo26l:iou=0.788
PV_GM19_BLACK_SEDAN_NEAR_FIELD,8,yolo26l_probe,bt_0001,"380.091,369.42,873.772,596.832",right_contact,right_near_edge;bottom_near_edge,false,true,true,0.5,depth_edge_mixed_risk,false,not_direct_full_stream;硬边缘接触:right_contact;宽度接近轨迹主体;高度接近轨迹主体;多检测源支持;depth_edge_mixed_risk;width_ok=true;height_ok=true;phase_ok=true;phase=0.727,false,yolo11l:iou=0.684;yolo26l:iou=0.686
PV_GM19_BLACK_SEDAN_NEAR_FIELD,9,yolo26l_probe,bt_0001,"388.948,346.413,900.708,589.829",right_contact,right_near_edge;bottom_near_edge,false,true,true,0.5,depth_edge_mixed_risk,false,not_direct_full_stream;硬边缘接触:right_contact;宽度接近轨迹主体;高度接近轨迹主体;多检测源支持;depth_edge_mixed_risk;width_ok=true;height_ok=true;phase_ok=true;phase=0.818,false,yolo11l:iou=0.585;yolo26l:iou=0.583
PV_GM19_BLACK_SEDAN_NEAR_FIELD,10,yolo26l_probe,bt_0001,"397.373,322.76,924.938,583.832",right_contact,right_near_edge;bottom_near_edge,false,true,true,0.5,depth_edge_mixed_risk,false,not_direct_full_stream;硬边缘接触:right_contact;宽度接近轨迹主体;高度接近轨迹主体;多检测源支持;depth_edge_mixed_risk;width_ok=true;height_ok=true;phase_ok=true;phase=0.909,false,yolo11l:iou=0.517;yolo26l:iou=0.515
PV_GM19_BLACK_SEDAN_NEAR_FIELD,11,yolo26l_probe,bt_0001,"427.737,329.573,933.272,591.162",right_contact,right_near_edge;bottom_near_edge,false,true,true,0.5,depth_edge_mixed_risk,false,not_direct_full_stream;硬边缘接触:right_contact;宽度接近轨迹主体;高度接近轨迹主体;多检测源支持;depth_edge_mixed_risk;width_ok=true;height_ok=true;phase_ok=true;phase=1,false,yolo11l:iou=0.45;yolo26l:iou=0.456
PV_GM19_WHITE_SUV_NEAR_FIELD,5,yolo26l_probe,bt_0003,"10.559,336.835,78.186,516.065",none,left_near_edge,true,false,true,0.53,depth_edge_mixed_risk,false,not_direct_full_stream;无硬边缘接触;多检测源支持;depth_edge_mixed_risk;width_ok=false;height_ok=false;phase_ok=false;phase=0,false,yolo11l:iou=0.68;yolo26l:iou=0.692
PV_GM19_WHITE_SUV_NEAR_FIELD,6,yolo26l_probe,bt_0003,"22.344,333.28,96.164,526.226",none,left_near_edge,true,false,true,0.53,depth_edge_mixed_risk,false,not_direct_full_stream;无硬边缘接触;多检测源支持;depth_edge_mixed_risk;width_ok=false;height_ok=false;phase_ok=false;phase=0.028,false,yolo11l:iou=0.557;yolo26l:iou=0.563
PV_GM19_WHITE_SUV_NEAR_FIELD,7,yolo26l_probe,bt_0003,"33.651,326.493,115.219,534.278",none,none,true,false,true,0.85,depth_vehicle_region_usable,false,not_direct_full_stream;无硬边缘接触;多检测源支持;深度区域可用;width_ok=false;height_ok=false;phase_ok=false;phase=0.056,false,yolo11l:iou=0.514;yolo26l:iou=0.521
PV_GM19_WHITE_SUV_NEAR_FIELD,8,yolo26l_probe,bt_0003,"44.12,316.744,134.471,538.081",none,none,true,false,true,0.97,depth_vehicle_region_usable,false,not_direct_full_stream;无硬边缘接触;高度接近轨迹主体;多检测源支持;深度区域可用;width_ok=false;height_ok=true;phase_ok=false;phase=0.083,false,yolo11l:iou=0.486;yolo26l:iou=0.491
PV_GM19_WHITE_SUV_NEAR_FIELD,9,yolo26l_probe,bt_0003,"50.079,297.836,156.542,547.698",none,none,true,false,true,0.97,depth_vehicle_region_usable,false,not_direct_full_stream;无硬边缘接触;高度接近轨迹主体;多检测源支持;深度区域可用;width_ok=false;height_ok=true;phase_ok=false;phase=0.111,false,yolo11l:iou=0.495;yolo26l:iou=0.494
PV_GM19_WHITE_SUV_NEAR_FIELD,10,yolo26l_probe,bt_0003,"53.942,280.806,176.923,556.321",none,none,true,false,true,0.97,depth_vehicle_region_usable,false,not_direct_full_stream;无硬边缘接触;高度接近轨迹主体;多检测源支持;深度区域可用;width_ok=false;height_ok=true;phase_ok=false;phase=0.139,false,yolo11l:iou=0.518;yolo26l:iou=0.523
PV_GM19_WHITE_SUV_NEAR_FIELD,11,yolo26l_probe,bt_0003,"60.264,279.049,201.092,577.992",none,none,true,false,true,0.97,depth_vehicle_region_usable,false,not_direct_full_stream;无硬边缘接触;高度接近轨迹主体;多检测源支持;深度区域可用;width_ok=false;height_ok=true;phase_ok=false;phase=0.167,false,yolo11l:iou=0.511;yolo26l:iou=0.515
PV_GM19_WHITE_SUV_NEAR_FIELD,12,yolo26l_probe,bt_0003,"73.628,293.432,225.943,593.091",none,bottom_near_edge,true,false,true,0.7,depth_edge_mixed_risk,false,not_direct_full_stream;无硬边缘接触;高度接近轨迹主体;多检测源支持;depth_edge_mixed_risk;width_ok=false;height_ok=true;phase_ok=false;phase=0.194,false,yolo11l:iou=0.489;yolo26l:iou=0.481
PV_GM19_WHITE_SUV_NEAR_FIELD,13,yolo26l_probe,bt_0003,"90.881,308.063,253.913,598.662",bottom_contact,bottom_near_edge,true,false,true,0.48,depth_edge_mixed_risk,false,not_direct_full_stream;硬边缘接触:bottom_contact;高度接近轨迹主体;多检测源支持;depth_edge_mixed_risk;width_ok=false;height_ok=true;phase_ok=false;phase=0.222,true,yolo11l:iou=0.451;yolo26l:iou=0.452
PV_GM19_WHITE_SUV_NEAR_FIELD,14,yolo26l_probe,bt_0003,"108.587,326.366,281.792,600.265",bottom_contact,bottom_near_edge,true,false,true,0.4,depth_edge_mixed_risk,false,not_direct_full_stream;硬边缘接触:bottom_contact;高度接近轨迹主体;depth_edge_mixed_risk;width_ok=false;height_ok=true;phase_ok=true;phase=0.25,false,
PV_GM19_WHITE_SUV_NEAR_FIELD,15,yolo26l_probe,bt_0003,"128.513,345.559,314.05,600.553",bottom_contact,bottom_near_edge,true,false,true,0.4,depth_edge_mixed_risk,false,not_direct_full_stream;硬边缘接触:bottom_contact;高度接近轨迹主体;depth_edge_mixed_risk;width_ok=false;height_ok=true;phase_ok=true;phase=0.278,true,
PV_GM19_WHITE_SUV_NEAR_FIELD,16,yolo26l_probe,bt_0003,"137.421,353.602,341.811,600.173",bottom_contact,bottom_near_edge,true,false,true,0.4,depth_edge_mixed_risk,false,not_direct_full_stream;硬边缘接触:bottom_contact;高度接近轨迹主体;depth_edge_mixed_risk;width_ok=false;height_ok=true;phase_ok=true;phase=0.306,false,
PV_GM19_WHITE_SUV_NEAR_FIELD,17,yolo26l_probe,bt_0003,"132.892,346.853,365.154,599.747",bottom_contact,bottom_near_edge,true,false,true,0.48,depth_edge_mixed_risk,false,not_direct_full_stream;硬边缘接触:bottom_contact;高度接近轨迹主体;多检测源支持;depth_edge_mixed_risk;width_ok=false;height_ok=true;phase_ok=true;phase=0.333,false,yolo26l:iou=0.468
PV_GM19_WHITE_SUV_NEAR_FIELD,18,yolo26l_probe,bt_0003,"119.298,329.197,387.792,600.426",bottom_contact,bottom_near_edge,true,true,true,0.48,depth_edge_mixed_risk,false,not_direct_full_stream;硬边缘接触:bottom_contact;高度接近轨迹主体;多检测源支持;depth_edge_mixed_risk;width_ok=false;height_ok=true;phase_ok=true;phase=0.361,false,yolo11l:iou=0.476;yolo26l:iou=0.526
PV_GM19_WHITE_SUV_NEAR_FIELD,19,yolo26l_probe,bt_0003,"103.277,301.538,406.891,591.31",none,bottom_near_edge,true,true,true,0.7,depth_edge_mixed_risk,false,not_direct_full_stream;无硬边缘接触;高度接近轨迹主体;多检测源支持;depth_edge_mixed_risk;width_ok=false;height_ok=true;phase_ok=true;phase=0.389,false,yolo11l:iou=0.516;yolo26l:iou=0.578
PV_GM19_WHITE_SUV_NEAR_FIELD,20,yolo26l_probe,bt_0003,"94.97,264.644,433.641,572.998",none,none,true,true,true,1,depth_vehicle_region_usable,true,direct_observable_full_stream;无硬边缘接触;宽度接近轨迹主体;高度接近轨迹主体;多检测源支持;深度区域可用;width_ok=true;height_ok=true;phase_ok=true;phase=0.417,false,yolo11l:iou=0.536;yolo26l:iou=0.609
PV_GM19_WHITE_SUV_NEAR_FIELD,21,yolo26l_probe,bt_0003,"80.499,254.048,438.322,567.264",none,none,true,true,true,1,depth_vehicle_region_usable,true,direct_observable_full_stream;无硬边缘接触;宽度接近轨迹主体;高度接近轨迹主体;多检测源支持;深度区域可用;width_ok=true;height_ok=true;phase_ok=true;phase=0.444,false,yolo11l:iou=0.559;yolo26l:iou=0.713
PV_GM19_WHITE_SUV_NEAR_FIELD,22,yolo26l_probe,bt_0003,"85.771,262.307,458.602,573.757",none,none,true,true,true,1,depth_vehicle_region_usable,true,direct_observable_full_stream;无硬边缘接触;宽度接近轨迹主体;高度接近轨迹主体;多检测源支持;深度区域可用;width_ok=true;height_ok=true;phase_ok=true;phase=0.472,false,yolo26l:iou=0.676
PV_GM19_WHITE_SUV_NEAR_FIELD,23,yolo26l_probe,bt_0003,"106.661,288.441,488.699,588.375",none,bottom_near_edge,true,true,true,0.88,depth_edge_mixed_risk,true,direct_observable_full_stream;无硬边缘接触;宽度接近轨迹主体;高度接近轨迹主体;多检测源支持;depth_edge_mixed_risk;width_ok=true;height_ok=true;phase_ok=true;phase=0.5,false,yolo26l:iou=0.607
PV_GM19_WHITE_SUV_NEAR_FIELD,24,yolo26l_probe,bt_0003,"144.856,309.497,532.104,595.183",none,bottom_near_edge,true,true,true,0.88,depth_edge_mixed_risk,true,direct_observable_full_stream;无硬边缘接触;宽度接近轨迹主体;高度接近轨迹主体;多检测源支持;depth_edge_mixed_risk;width_ok=true;height_ok=true;phase_ok=true;phase=0.528,false,yolo26l:iou=0.626
PV_GM19_WHITE_SUV_NEAR_FIELD,25,yolo26l_probe,bt_0003,"222.909,319.54,620.477,596.837",none,bottom_near_edge,true,true,true,0.88,depth_edge_mixed_risk,true,direct_observable_full_stream;无硬边缘接触;宽度接近轨迹主体;高度接近轨迹主体;多检测源支持;depth_edge_mixed_risk;width_ok=true;height_ok=true;phase_ok=true;phase=0.556,false,yolo11l:iou=0.599;yolo26l:iou=0.656
PV_GM19_WHITE_SUV_NEAR_FIELD,26,yolo26l_probe,bt_0003,"282.33,314.008,700.031,595.605",none,bottom_near_edge,true,true,true,0.88,depth_edge_mixed_risk,true,direct_observable_full_stream;无硬边缘接触;宽度接近轨迹主体;高度接近轨迹主体;多检测源支持;depth_edge_mixed_risk;width_ok=true;height_ok=true;phase_ok=true;phase=0.583,false,yolo11l:iou=0.72;yolo26l:iou=0.74
PV_GM19_WHITE_SUV_NEAR_FIELD,27,yolo26l_probe,bt_0003,"294.161,303.645,737.316,594.985",none,bottom_near_edge,true,true,true,0.88,depth_edge_mixed_risk,true,direct_observable_full_stream;无硬边缘接触;宽度接近轨迹主体;高度接近轨迹主体;多检测源支持;depth_edge_mixed_risk;width_ok=true;height_ok=true;phase_ok=true;phase=0.611,false,yolo11l:iou=0.765;yolo26l:iou=0.738
PV_GM19_WHITE_SUV_NEAR_FIELD,29,yolo26l_probe,bt_0003,"295.131,291.24,767.825,596.831",none,bottom_near_edge,false,true,true,0.88,depth_edge_mixed_risk,true,direct_observable_full_stream;无硬边缘接触;宽度接近轨迹主体;高度接近轨迹主体;多检测源支持;depth_edge_mixed_risk;width_ok=true;height_ok=true;phase_ok=true;phase=0.667,false,yolo11l:iou=0.841;yolo26l:iou=0.854
PV_GM19_WHITE_SUV_NEAR_FIELD,30,yolo26l_probe,bt_0003,"305.648,291.791,781.939,596.738",none,right_near_edge;bottom_near_edge,false,true,true,0.72,depth_edge_mixed_risk,true,direct_observable_full_stream;无硬边缘接触;宽度接近轨迹主体;高度接近轨迹主体;多检测源支持;depth_edge_mixed_risk;width_ok=true;height_ok=true;phase_ok=true;phase=0.694,false,yolo11l:iou=0.885;yolo26l:iou=0.921
PV_GM19_WHITE_SUV_NEAR_FIELD,31,yolo26l_probe,bt_0003,"324.791,297.998,793.772,596.858",none,right_near_edge;bottom_near_edge,false,true,true,0.72,depth_edge_mixed_risk,true,direct_observable_full_stream;无硬边缘接触;宽度接近轨迹主体;高度接近轨迹主体;多检测源支持;depth_edge_mixed_risk;width_ok=true;height_ok=true;phase_ok=true;phase=0.722,false,yolo11l:iou=0.923;yolo26l:iou=0.96
PV_GM19_WHITE_SUV_NEAR_FIELD,32,yolo26l_probe,bt_0003,"345.967,302.289,806.166,596.263",right_contact,right_near_edge;bottom_near_edge,false,true,true,0.5,depth_edge_mixed_risk,false,not_direct_full_stream;硬边缘接触:right_contact;宽度接近轨迹主体;高度接近轨迹主体;多检测源支持;depth_edge_mixed_risk;width_ok=true;height_ok=true;phase_ok=true;phase=0.75,false,yolo11l:iou=0.969;yolo26l:iou=0.961
PV_GM19_WHITE_SUV_NEAR_FIELD,33,yolo26l_probe,bt_0003,"372.324,308.414,819.095,596.343",right_contact,right_near_edge;bottom_near_edge,false,true,true,0.5,depth_edge_mixed_risk,false,not_direct_full_stream;硬边缘接触:right_contact;宽度接近轨迹主体;高度接近轨迹主体;多检测源支持;depth_edge_mixed_risk;width_ok=true;height_ok=true;phase_ok=true;phase=0.778,false,yolo11l:iou=0.904;yolo26l:iou=0.9
PV_GM19_WHITE_SUV_NEAR_FIELD,34,yolo26l_probe,bt_0003,"398.404,310.728,833.978,596.228",right_contact,right_near_edge;bottom_near_edge,false,true,true,0.5,depth_edge_mixed_risk,false,not_direct_full_stream;硬边缘接触:right_contact;宽度接近轨迹主体;高度接近轨迹主体;多检测源支持;depth_edge_mixed_risk;width_ok=true;height_ok=true;phase_ok=true;phase=0.806,false,yolo11l:iou=0.834;yolo26l:iou=0.838
PV_GM19_WHITE_SUV_NEAR_FIELD,35,yolo26l_probe,bt_0003,"426.806,315.176,845.795,596.251",right_contact,right_near_edge;bottom_near_edge,false,true,true,0.5,depth_edge_mixed_risk,false,not_direct_full_stream;硬边缘接触:right_contact;宽度接近轨迹主体;高度接近轨迹主体;多检测源支持;depth_edge_mixed_risk;width_ok=true;height_ok=true;phase_ok=true;phase=0.833,false,yolo11l:iou=0.767;yolo26l:iou=0.772
PV_GM19_WHITE_SUV_NEAR_FIELD,36,yolo26l_probe,bt_0003,"460.047,324.701,853.535,596.181",right_contact,right_near_edge;bottom_near_edge,false,true,true,0.5,depth_edge_mixed_risk,false,not_direct_full_stream;硬边缘接触:right_contact;宽度接近轨迹主体;高度接近轨迹主体;多检测源支持;depth_edge_mixed_risk;width_ok=true;height_ok=true;phase_ok=true;phase=0.861,false,yolo11l:iou=0.709;yolo26l:iou=0.713
PV_GM19_WHITE_SUV_NEAR_FIELD,37,yolo26l_probe,bt_0003,"493.164,334.888,859.158,595.873",right_contact,right_near_edge;bottom_near_edge,false,true,true,0.5,depth_edge_mixed_risk,false,not_direct_full_stream;硬边缘接触:right_contact;宽度接近轨迹主体;高度接近轨迹主体;多检测源支持;depth_edge_mixed_risk;width_ok=true;height_ok=true;phase_ok=false;phase=0.889,true,yolo11l:iou=0.664;yolo26l:iou=0.665
PV_GM19_WHITE_SUV_NEAR_FIELD,38,yolo26l_probe,bt_0003,"530.892,352.022,860.397,595.752",right_contact,right_near_edge;bottom_near_edge,false,true,true,0.5,depth_edge_mixed_risk,false,not_direct_full_stream;硬边缘接触:right_contact;宽度接近轨迹主体;高度接近轨迹主体;多检测源支持;depth_edge_mixed_risk;width_ok=true;height_ok=true;phase_ok=false;phase=0.917,false,yolo11l:iou=0.613;yolo26l:iou=0.615
PV_GM19_WHITE_SUV_NEAR_FIELD,39,yolo26l_probe,bt_0003,"568.47,370.313,860.322,595.285",right_contact,right_near_edge;bottom_near_edge,false,true,true,0.32,depth_edge_mixed_risk,false,not_direct_full_stream;硬边缘接触:right_contact;高度接近轨迹主体;多检测源支持;depth_edge_mixed_risk;width_ok=false;height_ok=true;phase_ok=false;phase=0.944,true,yolo11l:iou=0.569;yolo26l:iou=0.571
PV_GM19_WHITE_SUV_NEAR_FIELD,40,yolo26l_probe,bt_0003,"606.872,388.459,858.92,591.994",right_contact,right_near_edge;bottom_near_edge,false,true,true,0.2,depth_edge_mixed_risk,false,not_direct_full_stream;硬边缘接触:right_contact;多检测源支持;depth_edge_mixed_risk;width_ok=false;height_ok=false;phase_ok=false;phase=0.972,false,yolo11l:iou=0.517;yolo26l:iou=0.518
PV_GM19_WHITE_SUV_NEAR_FIELD,41,yolo26l_probe,bt_0003,"644.866,400.589,858.271,582.618",right_contact,right_near_edge;bottom_near_edge,false,true,true,0.12,depth_edge_mixed_risk,false,not_direct_full_stream;硬边缘接触:right_contact;depth_edge_mixed_risk;width_ok=false;height_ok=false;phase_ok=false;phase=1,false,
PV_GM19_RIGHT_DARK_FRAGMENT,12,yolo26l_probe,bt_0004,"603.083,416.935,800.12,594.822",right_contact,right_near_edge;bottom_near_edge,true,false,true,0.15,depth_edge_mixed_risk,false,not_direct_full_stream;硬边缘接触:right_contact;宽度接近轨迹主体;高度接近轨迹主体;多检测源支持;depth_edge_mixed_risk;碎片或时间范围不足;width_ok=true;height_ok=true;phase_ok=true;phase=0,false,yolo11l:iou=0.937;yolo26l:iou=0.889
PV_GM19_RIGHT_DARK_FRAGMENT,13,yolo26l_probe,bt_0004,"642.817,434.437,813.995,589.636",right_contact,right_near_edge;bottom_near_edge,true,true,true,0.15,depth_edge_mixed_risk,false,not_direct_full_stream;硬边缘接触:right_contact;宽度接近轨迹主体;高度接近轨迹主体;多检测源支持;depth_edge_mixed_risk;碎片或时间范围不足;width_ok=true;height_ok=true;phase_ok=true;phase=0.5,true,yolo11l:iou=0.726;yolo26l:iou=0.736
PV_GM19_RIGHT_DARK_FRAGMENT,14,yolo26l_probe,bt_0004,"687.173,450.286,827.919,579.512",right_contact,right_near_edge,false,true,true,0.26,depth_edge_mixed_risk,false,not_direct_full_stream;硬边缘接触:right_contact;宽度接近轨迹主体;高度接近轨迹主体;多检测源支持;depth_edge_mixed_risk;碎片或时间范围不足;width_ok=true;height_ok=true;phase_ok=false;phase=1,false,yolo11l:iou=0.564;yolo26l:iou=0.548
PV_GM19_UNPAIRED_SMALL_044_049,44,yolo26l_probe,bt_0016,"393.503,316.452,406.178,342.892",none,none,true,false,true,0.5,depth_vehicle_region_usable,false,not_direct_full_stream;无硬边缘接触;多检测源支持;深度区域可用;碎片或时间范围不足;width_ok=false;height_ok=false;phase_ok=true;phase=0,false,yolo11l:iou=0.803;yolo26l:iou=0.801
PV_GM19_UNPAIRED_SMALL_044_049,45,yolo26l_probe,bt_0016,"397.478,314.641,410.215,341.022",none,none,true,false,true,0.5,depth_vehicle_region_usable,false,not_direct_full_stream;无硬边缘接触;多检测源支持;深度区域可用;碎片或时间范围不足;width_ok=false;height_ok=false;phase_ok=true;phase=0.2,false,yolo11l:iou=0.729;yolo26l:iou=0.713
PV_GM19_UNPAIRED_SMALL_044_049,46,yolo26l_probe,bt_0016,"403.921,315.68,416.751,341.921",none,none,true,true,true,0.5,depth_vehicle_region_usable,false,not_direct_full_stream;无硬边缘接触;多检测源支持;深度区域可用;碎片或时间范围不足;width_ok=false;height_ok=false;phase_ok=true;phase=0.4,false,yolo11l:iou=0.676;yolo26l:iou=0.681
PV_GM19_UNPAIRED_SMALL_044_049,47,yolo26l_probe,bt_0016,"410.655,319.407,423.864,345.817",none,none,true,true,true,0.5,depth_vehicle_region_usable,false,not_direct_full_stream;无硬边缘接触;多检测源支持;深度区域可用;碎片或时间范围不足;width_ok=false;height_ok=false;phase_ok=true;phase=0.6,false,yolo11l:iou=0.595;yolo26l:iou=0.581
PV_GM19_UNPAIRED_SMALL_044_049,48,yolo26l_probe,bt_0016,"417.517,323.568,431.08,349.944",none,none,false,true,true,0.5,depth_vehicle_region_usable,false,not_direct_full_stream;无硬边缘接触;多检测源支持;深度区域可用;碎片或时间范围不足;width_ok=false;height_ok=false;phase_ok=true;phase=0.8,false,yolo11l:iou=0.619;yolo26l:iou=0.589
PV_GM19_UNPAIRED_SMALL_044_049,49,yolo26l_probe,bt_0016,"423.461,326.081,437.515,352.34",none,none,false,true,true,0.5,depth_vehicle_region_usable,false,not_direct_full_stream;无硬边缘接触;多检测源支持;深度区域可用;碎片或时间范围不足;width_ok=false;height_ok=false;phase_ok=true;phase=1,false,yolo11l:iou=0.578;yolo26l:iou=0.576
PV_GM19_UNPAIRED_SMALL_060_080,60,yolo26l_probe,bt_0033,"461.229,322.996,488.197,350.073",none,none,true,false,true,0.5,depth_vehicle_region_usable,false,not_direct_full_stream;无硬边缘接触;多检测源支持;深度区域可用;碎片或时间范围不足;width_ok=false;height_ok=false;phase_ok=false;phase=0,false,yolo11l:iou=0.934;yolo26l:iou=0.927
PV_GM19_UNPAIRED_SMALL_060_080,61,yolo26l_probe,bt_0033,"465.638,322.689,492.884,349.976",none,none,true,false,true,0.5,depth_vehicle_region_usable,false,not_direct_full_stream;无硬边缘接触;多检测源支持;深度区域可用;碎片或时间范围不足;width_ok=false;height_ok=false;phase_ok=false;phase=0.05,false,yolo11l:iou=0.891;yolo26l:iou=0.883
PV_GM19_UNPAIRED_SMALL_060_080,62,yolo26l_probe,bt_0033,"471.032,323.111,498.628,350.609",none,none,true,false,true,0.5,depth_vehicle_region_usable,false,not_direct_full_stream;无硬边缘接触;多检测源支持;深度区域可用;碎片或时间范围不足;width_ok=false;height_ok=false;phase_ok=false;phase=0.1,false,yolo11l:iou=0.835;yolo26l:iou=0.841
PV_GM19_UNPAIRED_SMALL_060_080,63,yolo26l_probe,bt_0033,"476.377,324.304,503.873,351.395",none,none,true,false,true,0.5,depth_vehicle_region_usable,false,not_direct_full_stream;无硬边缘接触;多检测源支持;深度区域可用;碎片或时间范围不足;width_ok=false;height_ok=false;phase_ok=false;phase=0.15,false,yolo11l:iou=0.765;yolo26l:iou=0.766
PV_GM19_UNPAIRED_SMALL_060_080,64,yolo26l_probe,bt_0033,"480.963,325.042,508.527,351.842",none,none,true,false,true,0.5,depth_vehicle_region_usable,false,not_direct_full_stream;无硬边缘接触;多检测源支持;深度区域可用;碎片或时间范围不足;width_ok=false;height_ok=false;phase_ok=false;phase=0.2,false,yolo11l:iou=0.775;yolo26l:iou=0.781
PV_GM19_UNPAIRED_SMALL_060_080,65,yolo26l_probe,bt_0033,"484.711,325.325,512.841,352.25",none,none,true,false,true,0.5,depth_vehicle_region_usable,false,not_direct_full_stream;无硬边缘接触;多检测源支持;深度区域可用;碎片或时间范围不足;width_ok=false;height_ok=false;phase_ok=true;phase=0.25,false,yolo11l:iou=0.761;yolo26l:iou=0.775
PV_GM19_UNPAIRED_SMALL_060_080,66,yolo26l_probe,bt_0033,"488.448,325.479,516.672,351.973",none,none,true,false,true,0.5,depth_vehicle_region_usable,false,not_direct_full_stream;无硬边缘接触;多检测源支持;深度区域可用;碎片或时间范围不足;width_ok=false;height_ok=false;phase_ok=true;phase=0.3,false,yolo11l:iou=0.785;yolo26l:iou=0.758
PV_GM19_UNPAIRED_SMALL_060_080,67,yolo26l_probe,bt_0033,"489.671,324.074,519.448,352.008",none,none,true,false,true,0.5,depth_vehicle_region_usable,false,not_direct_full_stream;无硬边缘接触;多检测源支持;深度区域可用;碎片或时间范围不足;width_ok=false;height_ok=false;phase_ok=true;phase=0.35,false,yolo11l:iou=0.916;yolo26l:iou=0.911
PV_GM19_UNPAIRED_SMALL_060_080,68,yolo26l_probe,bt_0033,"493.734,325.473,522.815,352.464",none,none,true,true,true,0.5,depth_vehicle_region_usable,false,not_direct_full_stream;无硬边缘接触;多检测源支持;深度区域可用;碎片或时间范围不足;width_ok=false;height_ok=false;phase_ok=true;phase=0.4,false,yolo11l:iou=0.862;yolo26l:iou=0.87
PV_GM19_UNPAIRED_SMALL_060_080,69,yolo26l_probe,bt_0033,"498.548,326.268,527.747,352.983",none,none,true,true,true,0.5,depth_vehicle_region_usable,false,not_direct_full_stream;无硬边缘接触;多检测源支持;深度区域可用;碎片或时间范围不足;width_ok=false;height_ok=false;phase_ok=true;phase=0.45,false,yolo11l:iou=0.824;yolo26l:iou=0.841
PV_GM19_UNPAIRED_SMALL_060_080,70,yolo26l_probe,bt_0033,"503.266,327.139,533.238,354.088",none,none,true,true,true,0.5,depth_vehicle_region_usable,false,not_direct_full_stream;无硬边缘接触;多检测源支持;深度区域可用;碎片或时间范围不足;width_ok=false;height_ok=false;phase_ok=true;phase=0.5,false,yolo11l:iou=0.804;yolo26l:iou=0.806
PV_GM19_UNPAIRED_SMALL_060_080,71,yolo26l_probe,bt_0033,"506.614,327.052,537.865,354.566",none,none,true,true,true,0.5,depth_vehicle_region_usable,false,not_direct_full_stream;无硬边缘接触;多检测源支持;深度区域可用;碎片或时间范围不足;width_ok=false;height_ok=false;phase_ok=true;phase=0.55,false,yolo11l:iou=0.788;yolo26l:iou=0.79
PV_GM19_UNPAIRED_SMALL_060_080,72,yolo26l_probe,bt_0033,"508.955,325.518,541.375,353.355",none,none,true,true,true,0.5,depth_vehicle_region_usable,false,not_direct_full_stream;无硬边缘接触;多检测源支持;深度区域可用;碎片或时间范围不足;width_ok=false;height_ok=false;phase_ok=true;phase=0.6,false,yolo11l:iou=0.791;yolo26l:iou=0.736
PV_GM19_UNPAIRED_SMALL_060_080,73,yolo26l_probe,bt_0033,"512.802,324.297,545.143,351.508",none,none,false,true,true,0.5,depth_vehicle_region_usable,false,not_direct_full_stream;无硬边缘接触;多检测源支持;深度区域可用;碎片或时间范围不足;width_ok=false;height_ok=false;phase_ok=true;phase=0.65,false,yolo11l:iou=0.778;yolo26l:iou=0.785
PV_GM19_UNPAIRED_SMALL_060_080,74,yolo26l_probe,bt_0033,"516.196,322.887,548.593,349.573",none,none,false,true,true,0.5,depth_vehicle_region_usable,false,not_direct_full_stream;无硬边缘接触;多检测源支持;深度区域可用;碎片或时间范围不足;width_ok=false;height_ok=false;phase_ok=true;phase=0.7,false,yolo11l:iou=0.791;yolo26l:iou=0.782
PV_GM19_UNPAIRED_SMALL_060_080,75,yolo26l_probe,bt_0033,"519.98,321.685,553.042,348.557",none,none,false,true,true,0.5,depth_vehicle_region_usable,false,not_direct_full_stream;无硬边缘接触;多检测源支持;深度区域可用;碎片或时间范围不足;width_ok=false;height_ok=false;phase_ok=true;phase=0.75,false,yolo11l:iou=0.888;yolo26l:iou=0.849
PV_GM19_UNPAIRED_SMALL_060_080,76,yolo26l_probe,bt_0033,"525.613,323.089,559.044,350.25",none,none,false,true,true,0.5,depth_vehicle_region_usable,false,not_direct_full_stream;无硬边缘接触;多检测源支持;深度区域可用;碎片或时间范围不足;width_ok=false;height_ok=false;phase_ok=true;phase=0.8,false,yolo11l:iou=0.878;yolo26l:iou=0.881
PV_GM19_UNPAIRED_SMALL_060_080,77,yolo26l_probe,bt_0033,"531.389,324.659,564.422,351.519",none,none,false,true,true,0.5,depth_vehicle_region_usable,false,not_direct_full_stream;无硬边缘接触;多检测源支持;深度区域可用;碎片或时间范围不足;width_ok=false;height_ok=false;phase_ok=true;phase=0.85,false,yolo11l:iou=0.885;yolo26l:iou=0.902
PV_GM19_UNPAIRED_SMALL_060_080,78,yolo26l_probe,bt_0033,"538.904,327.898,571.212,354.639",none,none,false,true,true,0.5,depth_vehicle_region_usable,false,not_direct_full_stream;无硬边缘接触;多检测源支持;深度区域可用;碎片或时间范围不足;width_ok=false;height_ok=false;phase_ok=true;phase=0.9,false,yolo11l:iou=0.755;yolo26l:iou=0.737
PV_GM19_UNPAIRED_SMALL_060_080,79,yolo26l_probe,bt_0033,"545.545,328.991,576.934,355.629",none,none,false,true,true,0.5,depth_vehicle_region_usable,false,not_direct_full_stream;无硬边缘接触;多检测源支持;深度区域可用;碎片或时间范围不足;width_ok=false;height_ok=false;phase_ok=true;phase=0.95,false,yolo11l:iou=0.725;yolo26l:iou=0.733
PV_GM19_UNPAIRED_SMALL_060_080,80,yolo26l_probe,bt_0033,"552.132,328.959,582.455,355.664",none,none,false,true,true,0.5,depth_vehicle_region_usable,false,not_direct_full_stream;无硬边缘接触;多检测源支持;深度区域可用;碎片或时间范围不足;width_ok=false;height_ok=false;phase_ok=true;phase=1,false,yolo11l:iou=0.643;yolo26l:iou=0.622
PV_GM19_UNPAIRED_SMALL_083_098,83,yolo26l_probe,bt_0053,"541.209,324.996,581.675,351.377",none,none,true,false,true,0.5,depth_vehicle_region_usable,false,not_direct_full_stream;无硬边缘接触;多检测源支持;深度区域可用;碎片或时间范围不足;width_ok=false;height_ok=false;phase_ok=true;phase=0,false,yolo11l:iou=0.727;yolo26l:iou=0.762
PV_GM19_UNPAIRED_SMALL_083_098,84,yolo26l_probe,bt_0053,"543.89,324.673,583.799,350.756",none,none,true,false,true,0.5,depth_vehicle_region_usable,false,not_direct_full_stream;无硬边缘接触;多检测源支持;深度区域可用;碎片或时间范围不足;width_ok=false;height_ok=false;phase_ok=true;phase=0.067,false,yolo11l:iou=0.838;yolo26l:iou=0.862
PV_GM19_UNPAIRED_SMALL_083_098,85,yolo26l_probe,bt_0053,"547.425,324.246,587.522,350.522",none,none,true,false,true,0.5,depth_vehicle_region_usable,false,not_direct_full_stream;无硬边缘接触;多检测源支持;深度区域可用;碎片或时间范围不足;width_ok=false;height_ok=false;phase_ok=true;phase=0.133,false,yolo11l:iou=0.907;yolo26l:iou=0.91
PV_GM19_UNPAIRED_SMALL_083_098,86,yolo26l_probe,bt_0053,"551.235,323.838,591.854,350.52",none,none,true,false,true,0.5,depth_vehicle_region_usable,false,not_direct_full_stream;无硬边缘接触;多检测源支持;深度区域可用;碎片或时间范围不足;width_ok=false;height_ok=false;phase_ok=true;phase=0.2,false,yolo11l:iou=0.947;yolo26l:iou=0.938
PV_GM19_UNPAIRED_SMALL_083_098,87,yolo26l_probe,bt_0053,"555.732,324.379,596.47,351.119",none,none,true,false,true,0.5,depth_vehicle_region_usable,false,not_direct_full_stream;无硬边缘接触;多检测源支持;深度区域可用;碎片或时间范围不足;width_ok=false;height_ok=false;phase_ok=true;phase=0.267,false,yolo11l:iou=0.948;yolo26l:iou=0.945
PV_GM19_UNPAIRED_SMALL_083_098,88,yolo26l_probe,bt_0053,"561.694,324.521,602.309,351.127",none,none,true,false,true,0.5,depth_vehicle_region_usable,false,not_direct_full_stream;无硬边缘接触;多检测源支持;深度区域可用;碎片或时间范围不足;width_ok=false;height_ok=false;phase_ok=true;phase=0.333,false,yolo11l:iou=0.948;yolo26l:iou=0.944
PV_GM19_UNPAIRED_SMALL_083_098,89,yolo26l_probe,bt_0053,"565.794,324.499,607.737,351.801",none,none,true,true,true,0.5,depth_vehicle_region_usable,false,not_direct_full_stream;无硬边缘接触;多检测源支持;深度区域可用;碎片或时间范围不足;width_ok=false;height_ok=false;phase_ok=true;phase=0.4,false,yolo11l:iou=0.907;yolo26l:iou=0.889
PV_GM19_UNPAIRED_SMALL_083_098,90,yolo26l_probe,bt_0053,"569.633,325.043,612.325,352.625",none,none,true,true,true,0.5,depth_vehicle_region_usable,false,not_direct_full_stream;无硬边缘接触;多检测源支持;深度区域可用;碎片或时间范围不足;width_ok=false;height_ok=false;phase_ok=true;phase=0.467,false,yolo11l:iou=0.898;yolo26l:iou=0.881
PV_GM19_UNPAIRED_SMALL_083_098,91,yolo26l_probe,bt_0053,"574.117,326.069,617.575,353.986",none,none,true,true,true,0.5,depth_vehicle_region_usable,false,not_direct_full_stream;无硬边缘接触;多检测源支持;深度区域可用;碎片或时间范围不足;width_ok=false;height_ok=false;phase_ok=true;phase=0.533,false,yolo11l:iou=0.898;yolo26l:iou=0.894
PV_GM19_UNPAIRED_SMALL_083_098,92,yolo26l_probe,bt_0053,"579.571,327.43,623.004,355.328",none,none,true,true,true,0.5,depth_vehicle_region_usable,false,not_direct_full_stream;无硬边缘接触;多检测源支持;深度区域可用;碎片或时间范围不足;width_ok=false;height_ok=false;phase_ok=true;phase=0.6,false,yolo11l:iou=0.935;yolo26l:iou=0.935
PV_GM19_UNPAIRED_SMALL_083_098,93,yolo26l_probe,bt_0053,"584.47,327.556,627.265,355.168",none,none,false,true,true,0.5,depth_vehicle_region_usable,false,not_direct_full_stream;无硬边缘接触;多检测源支持;深度区域可用;碎片或时间范围不足;width_ok=false;height_ok=false;phase_ok=true;phase=0.667,false,yolo11l:iou=0.9;yolo26l:iou=0.923
PV_GM19_UNPAIRED_SMALL_083_098,94,yolo26l_probe,bt_0053,"588.728,325.551,631.128,353.217",none,none,false,true,true,0.5,depth_vehicle_region_usable,false,not_direct_full_stream;无硬边缘接触;多检测源支持;深度区域可用;碎片或时间范围不足;width_ok=false;height_ok=false;phase_ok=true;phase=0.733,false,yolo11l:iou=0.793;yolo26l:iou=0.802
PV_GM19_UNPAIRED_SMALL_083_098,95,yolo26l_probe,bt_0053,"592.993,322.976,634.754,350.572",none,none,false,true,true,0.5,depth_vehicle_region_usable,false,not_direct_full_stream;无硬边缘接触;多检测源支持;深度区域可用;碎片或时间范围不足;width_ok=false;height_ok=false;phase_ok=true;phase=0.8,false,yolo11l:iou=0.779;yolo26l:iou=0.78
PV_GM19_UNPAIRED_SMALL_083_098,96,yolo26l_probe,bt_0053,"597.082,321.808,637.925,349.35",none,none,false,true,true,0.5,depth_vehicle_region_usable,false,not_direct_full_stream;无硬边缘接触;多检测源支持;深度区域可用;碎片或时间范围不足;width_ok=false;height_ok=false;phase_ok=true;phase=0.867,false,yolo11l:iou=0.756;yolo26l:iou=0.753
PV_GM19_UNPAIRED_SMALL_083_098,97,yolo26l_probe,bt_0053,"602.747,323.517,642.528,351.047",none,none,false,true,true,0.5,depth_vehicle_region_usable,false,not_direct_full_stream;无硬边缘接触;多检测源支持;深度区域可用;碎片或时间范围不足;width_ok=false;height_ok=false;phase_ok=true;phase=0.933,false,yolo11l:iou=0.685;yolo26l:iou=0.676
PV_GM19_UNPAIRED_SMALL_083_098,98,yolo26l_probe,bt_0053,"610.185,325.457,649.255,353.449",none,none,false,true,true,0.5,depth_vehicle_region_usable,false,not_direct_full_stream;无硬边缘接触;多检测源支持;深度区域可用;碎片或时间范围不足;width_ok=false;height_ok=false;phase_ok=true;phase=1,false,yolo11l:iou=0.6;yolo26l:iou=0.597
PV_GM19_SILVER_MPV_NEAR_FIELD,99,yolo26l_probe,bt_0068,"8.459,300.743,70.699,503.839",none,left_near_edge,true,false,true,0.53,depth_edge_mixed_risk,false,not_direct_full_stream;无硬边缘接触;多检测源支持;depth_edge_mixed_risk;width_ok=false;height_ok=false;phase_ok=false;phase=0,false,yolo11l:iou=0.74;yolo26l:iou=0.735
PV_GM19_SILVER_MPV_NEAR_FIELD,100,yolo26l_probe,bt_0068,"17.39,300.99,85.029,519.17",none,left_near_edge,true,false,true,0.53,depth_edge_mixed_risk,false,not_direct_full_stream;无硬边缘接触;多检测源支持;depth_edge_mixed_risk;width_ok=false;height_ok=false;phase_ok=false;phase=0.024,false,yolo11l:iou=0.607;yolo26l:iou=0.607
PV_GM19_SILVER_MPV_NEAR_FIELD,101,yolo26l_probe,bt_0068,"28.572,301.789,101.789,532.113",none,none,true,false,true,0.85,depth_vehicle_region_usable,false,not_direct_full_stream;无硬边缘接触;多检测源支持;深度区域可用;width_ok=false;height_ok=false;phase_ok=false;phase=0.049,false,yolo11l:iou=0.535;yolo26l:iou=0.534
PV_GM19_SILVER_MPV_NEAR_FIELD,102,yolo26l_probe,bt_0068,"38.947,299.868,118.027,538.812",none,none,true,false,true,0.97,depth_vehicle_region_usable,false,not_direct_full_stream;无硬边缘接触;高度接近轨迹主体;多检测源支持;深度区域可用;width_ok=false;height_ok=true;phase_ok=false;phase=0.073,true,yolo11l:iou=0.494;yolo26l:iou=0.492
PV_GM19_SILVER_MPV_NEAR_FIELD,103,yolo26l_probe,bt_0068,"46.641,292.232,133.91,542.653",none,none,true,false,true,0.97,depth_vehicle_region_usable,false,not_direct_full_stream;无硬边缘接触;高度接近轨迹主体;多检测源支持;深度区域可用;width_ok=false;height_ok=true;phase_ok=false;phase=0.098,false,yolo11l:iou=0.473;yolo26l:iou=0.474
PV_GM19_SILVER_MPV_NEAR_FIELD,104,yolo26l_probe,bt_0068,"50.92,284.905,153.177,563.227",none,none,true,false,true,0.97,depth_vehicle_region_usable,false,not_direct_full_stream;无硬边缘接触;高度接近轨迹主体;多检测源支持;深度区域可用;width_ok=false;height_ok=true;phase_ok=false;phase=0.122,false,yolo11l:iou=0.477;yolo26l:iou=0.485
PV_GM19_SILVER_MPV_NEAR_FIELD,105,yolo26l_probe,bt_0068,"54.818,279.569,172.513,582.227",none,bottom_near_edge,true,false,true,0.7,depth_edge_mixed_risk,false,not_direct_full_stream;无硬边缘接触;高度接近轨迹主体;多检测源支持;depth_edge_mixed_risk;width_ok=false;height_ok=true;phase_ok=false;phase=0.146,false,yolo11l:iou=0.501;yolo26l:iou=0.508
PV_GM19_SILVER_MPV_NEAR_FIELD,106,yolo26l_probe,bt_0068,"59.627,271.854,192.267,592.26",none,bottom_near_edge,true,false,true,0.7,depth_edge_mixed_risk,false,not_direct_full_stream;无硬边缘接触;高度接近轨迹主体;多检测源支持;depth_edge_mixed_risk;width_ok=false;height_ok=true;phase_ok=false;phase=0.171,false,yolo11l:iou=0.515;yolo26l:iou=0.522
PV_GM19_SILVER_MPV_NEAR_FIELD,107,yolo26l_probe,bt_0068,"65.307,266.94,212.45,598.688",bottom_contact,bottom_near_edge,true,false,true,0.48,depth_edge_mixed_risk,false,not_direct_full_stream;硬边缘接触:bottom_contact;高度接近轨迹主体;多检测源支持;depth_edge_mixed_risk;width_ok=false;height_ok=true;phase_ok=false;phase=0.195,false,yolo11l:iou=0.524;yolo26l:iou=0.526
PV_GM19_SILVER_MPV_NEAR_FIELD,108,yolo26l_probe,bt_0068,"72.633,265.432,233.461,601.061",bottom_contact,bottom_near_edge,true,false,true,0.48,depth_edge_mixed_risk,false,not_direct_full_stream;硬边缘接触:bottom_contact;高度接近轨迹主体;多检测源支持;depth_edge_mixed_risk;width_ok=false;height_ok=true;phase_ok=false;phase=0.22,false,yolo11l:iou=0.519;yolo26l:iou=0.52
PV_GM19_SILVER_MPV_NEAR_FIELD,109,yolo26l_probe,bt_0068,"80.588,267.939,254.864,602.074",bottom_contact,bottom_near_edge,true,false,true,0.48,depth_edge_mixed_risk,false,not_direct_full_stream;硬边缘接触:bottom_contact;高度接近轨迹主体;多检测源支持;depth_edge_mixed_risk;width_ok=false;height_ok=true;phase_ok=false;phase=0.244,false,yolo11l:iou=0.512;yolo26l:iou=0.512
PV_GM19_SILVER_MPV_NEAR_FIELD,110,yolo26l_probe,bt_0068,"88.154,270.859,277.128,602.273",bottom_contact,bottom_near_edge,true,false,true,0.48,depth_edge_mixed_risk,false,not_direct_full_stream;硬边缘接触:bottom_contact;高度接近轨迹主体;多检测源支持;depth_edge_mixed_risk;width_ok=false;height_ok=true;phase_ok=true;phase=0.268,false,yolo11l:iou=0.505;yolo26l:iou=0.511
PV_GM19_SILVER_MPV_NEAR_FIELD,111,yolo26l_probe,bt_0068,"95.037,274.762,299.411,601.78",bottom_contact,bottom_near_edge,true,false,true,0.48,depth_edge_mixed_risk,false,not_direct_full_stream;硬边缘接触:bottom_contact;高度接近轨迹主体;多检测源支持;depth_edge_mixed_risk;width_ok=false;height_ok=true;phase_ok=true;phase=0.293,false,yolo11l:iou=0.506;yolo26l:iou=0.513
PV_GM19_SILVER_MPV_NEAR_FIELD,112,yolo26l_probe,bt_0068,"101.519,277.077,323.755,601.368",bottom_contact,bottom_near_edge,true,false,true,0.48,depth_edge_mixed_risk,false,not_direct_full_stream;硬边缘接触:bottom_contact;高度接近轨迹主体;多检测源支持;depth_edge_mixed_risk;width_ok=false;height_ok=true;phase_ok=true;phase=0.317,false,yolo11l:iou=0.502;yolo26l:iou=0.517
PV_GM19_SILVER_MPV_NEAR_FIELD,113,yolo26l_probe,bt_0068,"105.666,284.03,343.34,600.534",bottom_contact,bottom_near_edge,true,false,true,0.48,depth_edge_mixed_risk,false,not_direct_full_stream;硬边缘接触:bottom_contact;高度接近轨迹主体;多检测源支持;depth_edge_mixed_risk;width_ok=false;height_ok=true;phase_ok=true;phase=0.341,false,yolo11l:iou=0.507;yolo26l:iou=0.526
PV_GM19_SILVER_MPV_NEAR_FIELD,114,yolo26l_probe,bt_0068,"108.812,281.565,368.954,599.9",bottom_contact,bottom_near_edge,true,true,true,0.48,depth_edge_mixed_risk,false,not_direct_full_stream;硬边缘接触:bottom_contact;高度接近轨迹主体;多检测源支持;depth_edge_mixed_risk;width_ok=false;height_ok=true;phase_ok=true;phase=0.366,true,yolo11l:iou=0.518;yolo26l:iou=0.542
PV_GM19_SILVER_MPV_NEAR_FIELD,115,yolo26l_probe,bt_0068,"108.144,284.201,386.59,599.345",bottom_contact,bottom_near_edge,true,true,true,0.48,depth_edge_mixed_risk,false,not_direct_full_stream;硬边缘接触:bottom_contact;高度接近轨迹主体;多检测源支持;depth_edge_mixed_risk;width_ok=false;height_ok=true;phase_ok=true;phase=0.39,false,yolo11l:iou=0.513;yolo26l:iou=0.57
PV_GM19_SILVER_MPV_NEAR_FIELD,116,yolo26l_probe,bt_0068,"101.869,281.42,401.256,598.706",bottom_contact,bottom_near_edge,true,true,true,0.48,depth_edge_mixed_risk,false,not_direct_full_stream;硬边缘接触:bottom_contact;高度接近轨迹主体;多检测源支持;depth_edge_mixed_risk;width_ok=false;height_ok=true;phase_ok=true;phase=0.415,false,yolo11l:iou=0.525;yolo26l:iou=0.606
PV_GM19_SILVER_MPV_NEAR_FIELD,117,yolo26l_probe,bt_0068,"95.792,280.35,411.024,594.945",none,bottom_near_edge,true,true,true,0.7,depth_edge_mixed_risk,false,not_direct_full_stream;无硬边缘接触;高度接近轨迹主体;多检测源支持;depth_edge_mixed_risk;width_ok=false;height_ok=true;phase_ok=true;phase=0.439,false,yolo11l:iou=0.514;yolo26l:iou=0.634
PV_GM19_SILVER_MPV_NEAR_FIELD,118,yolo26l_probe,bt_0068,"87.447,276.883,419.403,591.607",none,bottom_near_edge,true,true,true,0.7,depth_edge_mixed_risk,false,not_direct_full_stream;无硬边缘接触;高度接近轨迹主体;多检测源支持;depth_edge_mixed_risk;width_ok=false;height_ok=true;phase_ok=true;phase=0.463,false,yolo11l:iou=0.517;yolo26l:iou=0.665
PV_GM19_SILVER_MPV_NEAR_FIELD,119,yolo26l_probe,bt_0068,"79.607,271.679,433.181,592.954",none,bottom_near_edge,true,true,true,0.88,depth_edge_mixed_risk,true,direct_observable_full_stream;无硬边缘接触;宽度接近轨迹主体;高度接近轨迹主体;多检测源支持;depth_edge_mixed_risk;width_ok=true;height_ok=true;phase_ok=true;phase=0.488,false,yolo26l:iou=0.701
PV_GM19_SILVER_MPV_NEAR_FIELD,120,yolo26l_probe,bt_0068,"88.141,273.072,459.949,594.522",none,bottom_near_edge,true,true,true,0.88,depth_edge_mixed_risk,true,direct_observable_full_stream;无硬边缘接触;宽度接近轨迹主体;高度接近轨迹主体;多检测源支持;depth_edge_mixed_risk;width_ok=true;height_ok=true;phase_ok=true;phase=0.512,false,yolo26l:iou=0.68
PV_GM19_SILVER_MPV_NEAR_FIELD,121,yolo26l_probe,bt_0068,"100.263,266.673,500.394,595.968",none,bottom_near_edge,true,true,true,0.88,depth_edge_mixed_risk,true,direct_observable_full_stream;无硬边缘接触;宽度接近轨迹主体;高度接近轨迹主体;多检测源支持;depth_edge_mixed_risk;width_ok=true;height_ok=true;phase_ok=true;phase=0.537,false,yolo26l:iou=0.67
PV_GM19_SILVER_MPV_NEAR_FIELD,122,yolo26l_probe,bt_0068,"113.596,264.769,535.282,597.055",none,bottom_near_edge,true,true,true,0.88,depth_edge_mixed_risk,true,direct_observable_full_stream;无硬边缘接触;宽度接近轨迹主体;高度接近轨迹主体;多检测源支持;depth_edge_mixed_risk;width_ok=true;height_ok=true;phase_ok=true;phase=0.561,false,yolo26l:iou=0.708
PV_GM19_SILVER_MPV_NEAR_FIELD,123,yolo26l_probe,bt_0068,"145.219,263.611,584.931,596.945",none,bottom_near_edge,true,true,true,0.88,depth_edge_mixed_risk,true,direct_observable_full_stream;无硬边缘接触;宽度接近轨迹主体;高度接近轨迹主体;多检测源支持;depth_edge_mixed_risk;width_ok=true;height_ok=true;phase_ok=true;phase=0.585,false,yolo26l:iou=0.733
PV_GM19_SILVER_MPV_NEAR_FIELD,124,yolo26l_probe,bt_0068,"203.63,262.285,660.492,597.641",none,bottom_near_edge,true,true,true,0.88,depth_edge_mixed_risk,true,direct_observable_full_stream;无硬边缘接触;宽度接近轨迹主体;高度接近轨迹主体;多检测源支持;depth_edge_mixed_risk;width_ok=true;height_ok=true;phase_ok=true;phase=0.61,false,yolo26l:iou=0.767
PV_GM19_SILVER_MPV_NEAR_FIELD,125,yolo26l_probe,bt_0068,"259.952,262.022,727.851,598.506",bottom_contact,bottom_near_edge,true,true,true,0.66,depth_edge_mixed_risk,false,not_direct_full_stream;硬边缘接触:bottom_contact;宽度接近轨迹主体;高度接近轨迹主体;多检测源支持;depth_edge_mixed_risk;width_ok=true;height_ok=true;phase_ok=true;phase=0.634,false,yolo11l:iou=0.847;yolo26l:iou=0.837
PV_GM19_SILVER_MPV_NEAR_FIELD,126,yolo26l_probe,bt_0068,"288.357,259.904,764.999,598.644",bottom_contact,bottom_near_edge,false,true,true,0.66,depth_edge_mixed_risk,false,not_direct_full_stream;硬边缘接触:bottom_contact;宽度接近轨迹主体;高度接近轨迹主体;多检测源支持;depth_edge_mixed_risk;width_ok=true;height_ok=true;phase_ok=true;phase=0.659,false,yolo11l:iou=0.809;yolo26l:iou=0.897
PV_GM19_SILVER_MPV_NEAR_FIELD,127,yolo26l_probe,bt_0068,"298.018,260.075,779.888,598.918",bottom_contact,right_near_edge;bottom_near_edge,false,true,true,0.5,depth_edge_mixed_risk,false,not_direct_full_stream;硬边缘接触:bottom_contact;宽度接近轨迹主体;高度接近轨迹主体;多检测源支持;depth_edge_mixed_risk;width_ok=true;height_ok=true;phase_ok=true;phase=0.683,false,yolo11l:iou=0.839;yolo26l:iou=0.909
PV_GM19_SILVER_MPV_NEAR_FIELD,128,yolo26l_probe,bt_0068,"302.599,259.322,789.136,598.98",bottom_contact,right_near_edge;bottom_near_edge,false,true,true,0.5,depth_edge_mixed_risk,false,not_direct_full_stream;硬边缘接触:bottom_contact;宽度接近轨迹主体;高度接近轨迹主体;多检测源支持;depth_edge_mixed_risk;width_ok=true;height_ok=true;phase_ok=true;phase=0.707,false,yolo11l:iou=0.874;yolo26l:iou=0.936
PV_GM19_SILVER_MPV_NEAR_FIELD,129,yolo26l_probe,bt_0068,"314.443,258.451,802.311,598.935",right_contact;bottom_contact,right_near_edge;bottom_near_edge,false,true,true,0.5,depth_edge_mixed_risk,false,not_direct_full_stream;硬边缘接触:right_contact;bottom_contact;宽度接近轨迹主体;高度接近轨迹主体;多检测源支持;depth_edge_mixed_risk;width_ok=true;height_ok=true;phase_ok=true;phase=0.732,true,yolo11l:iou=0.921;yolo26l:iou=0.976
PV_GM19_SILVER_MPV_NEAR_FIELD,130,yolo26l_probe,bt_0068,"327.266,258.021,812.975,598.482",right_contact;bottom_contact,right_near_edge;bottom_near_edge,false,true,true,0.5,depth_edge_mixed_risk,false,not_direct_full_stream;硬边缘接触:right_contact;bottom_contact;宽度接近轨迹主体;高度接近轨迹主体;多检测源支持;depth_edge_mixed_risk;width_ok=true;height_ok=true;phase_ok=true;phase=0.756,false,yolo11l:iou=0.953;yolo26l:iou=0.951
PV_GM19_SILVER_MPV_NEAR_FIELD,131,yolo26l_probe,bt_0068,"348.68,259.623,826.33,598.201",right_contact;bottom_contact,right_near_edge;bottom_near_edge,false,true,true,0.5,depth_edge_mixed_risk,false,not_direct_full_stream;硬边缘接触:right_contact;bottom_contact;宽度接近轨迹主体;高度接近轨迹主体;多检测源支持;depth_edge_mixed_risk;width_ok=true;height_ok=true;phase_ok=true;phase=0.78,true,yolo11l:iou=0.884;yolo26l:iou=0.882
PV_GM19_SILVER_MPV_NEAR_FIELD,132,yolo26l_probe,bt_0068,"377.13,268.601,835.06,597.995",right_contact,right_near_edge;bottom_near_edge,false,true,true,0.5,depth_edge_mixed_risk,false,not_direct_full_stream;硬边缘接触:right_contact;宽度接近轨迹主体;高度接近轨迹主体;多检测源支持;depth_edge_mixed_risk;width_ok=true;height_ok=true;phase_ok=true;phase=0.805,false,yolo11l:iou=0.836;yolo26l:iou=0.83
PV_GM19_SILVER_MPV_NEAR_FIELD,133,yolo26l_probe,bt_0068,"408.842,280.382,841.83,597.732",right_contact,right_near_edge;bottom_near_edge,false,true,true,0.5,depth_edge_mixed_risk,false,not_direct_full_stream;硬边缘接触:right_contact;宽度接近轨迹主体;高度接近轨迹主体;多检测源支持;depth_edge_mixed_risk;width_ok=true;height_ok=true;phase_ok=true;phase=0.829,false,yolo11l:iou=0.785;yolo26l:iou=0.788
PV_GM19_SILVER_MPV_NEAR_FIELD,134,yolo26l_probe,bt_0068,"440.899,291.726,848.066,597.234",right_contact,right_near_edge;bottom_near_edge,false,true,true,0.5,depth_edge_mixed_risk,false,not_direct_full_stream;硬边缘接触:right_contact;宽度接近轨迹主体;高度接近轨迹主体;多检测源支持;depth_edge_mixed_risk;width_ok=true;height_ok=true;phase_ok=true;phase=0.854,false,yolo11l:iou=0.749;yolo26l:iou=0.747
PV_GM19_SILVER_MPV_NEAR_FIELD,135,yolo26l_probe,bt_0068,"472.436,301.857,854.444,596.861",right_contact,right_near_edge;bottom_near_edge,false,true,true,0.5,depth_edge_mixed_risk,false,not_direct_full_stream;硬边缘接触:right_contact;宽度接近轨迹主体;高度接近轨迹主体;多检测源支持;depth_edge_mixed_risk;width_ok=true;height_ok=true;phase_ok=false;phase=0.878,false,yolo11l:iou=0.697;yolo26l:iou=0.703
PV_GM19_SILVER_MPV_NEAR_FIELD,136,yolo26l_probe,bt_0068,"506.119,315.382,858.352,596.577",right_contact,right_near_edge;bottom_near_edge,false,true,true,0.5,depth_edge_mixed_risk,false,not_direct_full_stream;硬边缘接触:right_contact;宽度接近轨迹主体;高度接近轨迹主体;多检测源支持;depth_edge_mixed_risk;width_ok=true;height_ok=true;phase_ok=false;phase=0.902,false,yolo11l:iou=0.651;yolo26l:iou=0.655
PV_GM19_SILVER_MPV_NEAR_FIELD,137,yolo26l_probe,bt_0068,"543.686,335.393,858.671,596.288",right_contact,right_near_edge;bottom_near_edge,false,true,true,0.32,depth_edge_mixed_risk,false,not_direct_full_stream;硬边缘接触:right_contact;高度接近轨迹主体;多检测源支持;depth_edge_mixed_risk;width_ok=false;height_ok=true;phase_ok=false;phase=0.927,false,yolo11l:iou=0.602;yolo26l:iou=0.608
PV_GM19_SILVER_MPV_NEAR_FIELD,138,yolo26l_probe,bt_0068,"581.46,356.213,859.257,596.333",right_contact,right_near_edge;bottom_near_edge,false,true,true,0.32,depth_edge_mixed_risk,false,not_direct_full_stream;硬边缘接触:right_contact;高度接近轨迹主体;多检测源支持;depth_edge_mixed_risk;width_ok=false;height_ok=true;phase_ok=false;phase=0.951,true,yolo11l:iou=0.555;yolo26l:iou=0.556
PV_GM19_SILVER_MPV_NEAR_FIELD,139,yolo26l_probe,bt_0068,"622.711,383.741,856.898,596.155",right_contact,right_near_edge;bottom_near_edge,false,true,true,0.2,depth_edge_mixed_risk,false,not_direct_full_stream;硬边缘接触:right_contact;多检测源支持;depth_edge_mixed_risk;width_ok=false;height_ok=false;phase_ok=false;phase=0.976,true,yolo11l:iou=0.49;yolo26l:iou=0.491
PV_GM19_SILVER_MPV_NEAR_FIELD,140,yolo26l_probe,bt_0068,"661.113,405.338,857.696,594.518",right_contact,right_near_edge;bottom_near_edge,false,true,true,0.12,depth_edge_mixed_risk,false,not_direct_full_stream;硬边缘接触:right_contact;depth_edge_mixed_risk;width_ok=false;height_ok=false;phase_ok=false;phase=1,false,
PV_GM19_GRAY_CAR_LEFT_EDGE,149,yolo26l_probe,bt_0078,"7.997,330.112,79.39,535.765",none,left_near_edge,true,false,true,0.53,depth_edge_mixed_risk,false,not_direct_full_stream;无硬边缘接触;多检测源支持;depth_edge_mixed_risk;width_ok=false;height_ok=false;phase_ok=false;phase=0,false,yolo11l:iou=0.735;yolo26l:iou=0.741
PV_GM19_GRAY_CAR_LEFT_EDGE,150,yolo26l_probe,bt_0078,"15.766,309.219,99.257,547.734",none,left_near_edge,true,false,true,0.65,depth_edge_mixed_risk,false,not_direct_full_stream;无硬边缘接触;高度接近轨迹主体;多检测源支持;depth_edge_mixed_risk;width_ok=false;height_ok=true;phase_ok=false;phase=0.03,false,yolo11l:iou=0.648;yolo26l:iou=0.641
PV_GM19_GRAY_CAR_LEFT_EDGE,151,yolo26l_probe,bt_0078,"25.389,298.665,122.529,571.642",none,none,true,false,true,0.97,depth_vehicle_region_usable,false,not_direct_full_stream;无硬边缘接触;高度接近轨迹主体;多检测源支持;深度区域可用;width_ok=false;height_ok=true;phase_ok=false;phase=0.061,true,yolo11l:iou=0.613;yolo26l:iou=0.604
PV_GM19_GRAY_CAR_LEFT_EDGE,152,yolo26l_probe,bt_0078,"37.145,293.981,145.585,589.985",none,bottom_near_edge,true,false,true,0.7,depth_edge_mixed_risk,false,not_direct_full_stream;无硬边缘接触;高度接近轨迹主体;多检测源支持;depth_edge_mixed_risk;width_ok=false;height_ok=true;phase_ok=false;phase=0.091,true,yolo11l:iou=0.568;yolo26l:iou=0.562
PV_GM19_GRAY_CAR_LEFT_EDGE,153,yolo26l_probe,bt_0078,"50.385,293.281,167.007,597.345",none,bottom_near_edge,true,false,true,0.7,depth_edge_mixed_risk,false,not_direct_full_stream;无硬边缘接触;高度接近轨迹主体;多检测源支持;depth_edge_mixed_risk;width_ok=false;height_ok=true;phase_ok=false;phase=0.121,false,yolo11l:iou=0.519;yolo26l:iou=0.519
PV_GM19_GRAY_CAR_LEFT_EDGE,154,yolo26l_probe,bt_0078,"63.531,293.001,188.964,600.233",bottom_contact,bottom_near_edge,true,false,true,0.48,depth_edge_mixed_risk,false,not_direct_full_stream;硬边缘接触:bottom_contact;高度接近轨迹主体;多检测源支持;depth_edge_mixed_risk;width_ok=false;height_ok=true;phase_ok=false;phase=0.152,false,yolo11l:iou=0.484;yolo26l:iou=0.483
PV_GM19_GRAY_CAR_LEFT_EDGE,155,yolo26l_probe,bt_0078,"76.502,295.882,211.191,600.671",bottom_contact,bottom_near_edge,true,false,true,0.48,depth_edge_mixed_risk,false,not_direct_full_stream;硬边缘接触:bottom_contact;高度接近轨迹主体;多检测源支持;depth_edge_mixed_risk;width_ok=false;height_ok=true;phase_ok=false;phase=0.182,false,yolo11l:iou=0.457;yolo26l:iou=0.458
PV_GM19_GRAY_CAR_LEFT_EDGE,156,yolo26l_probe,bt_0078,"87.698,294.186,235.908,600.987",bottom_contact,bottom_near_edge,true,false,true,0.48,depth_edge_mixed_risk,false,not_direct_full_stream;硬边缘接触:bottom_contact;高度接近轨迹主体;多检测源支持;depth_edge_mixed_risk;width_ok=false;height_ok=true;phase_ok=false;phase=0.212,false,yolo26l:iou=0.451
PV_GM19_GRAY_CAR_LEFT_EDGE,157,yolo26l_probe,bt_0078,"99.793,294.827,263.437,601.06",bottom_contact,bottom_near_edge,true,false,true,0.4,depth_edge_mixed_risk,false,not_direct_full_stream;硬边缘接触:bottom_contact;高度接近轨迹主体;depth_edge_mixed_risk;width_ok=false;height_ok=true;phase_ok=false;phase=0.242,false,
PV_GM19_GRAY_CAR_LEFT_EDGE,158,yolo26l_probe,bt_0078,"111.769,297.141,292.697,600.814",bottom_contact,bottom_near_edge,true,false,true,0.4,depth_edge_mixed_risk,false,not_direct_full_stream;硬边缘接触:bottom_contact;高度接近轨迹主体;depth_edge_mixed_risk;width_ok=false;height_ok=true;phase_ok=true;phase=0.273,false,
PV_GM19_GRAY_CAR_LEFT_EDGE,159,yolo26l_probe,bt_0078,"121.143,298.75,321.858,600.546",bottom_contact,bottom_near_edge,true,false,true,0.4,depth_edge_mixed_risk,false,not_direct_full_stream;硬边缘接触:bottom_contact;高度接近轨迹主体;depth_edge_mixed_risk;width_ok=false;height_ok=true;phase_ok=true;phase=0.303,false,
PV_GM19_GRAY_CAR_LEFT_EDGE,160,yolo26l_probe,bt_0078,"129.164,300.379,351.769,600.448",bottom_contact,bottom_near_edge,true,false,true,0.48,depth_edge_mixed_risk,false,not_direct_full_stream;硬边缘接触:bottom_contact;高度接近轨迹主体;多检测源支持;depth_edge_mixed_risk;width_ok=false;height_ok=true;phase_ok=true;phase=0.333,false,yolo26l:iou=0.46
PV_GM19_GRAY_CAR_LEFT_EDGE,161,yolo26l_probe,bt_0078,"129.825,300.416,375.255,600.192",bottom_contact,bottom_near_edge,true,true,true,0.48,depth_edge_mixed_risk,false,not_direct_full_stream;硬边缘接触:bottom_contact;高度接近轨迹主体;多检测源支持;depth_edge_mixed_risk;width_ok=false;height_ok=true;phase_ok=true;phase=0.364,false,yolo26l:iou=0.492
PV_GM19_GRAY_CAR_LEFT_EDGE,162,yolo26l_probe,bt_0078,"123.858,301.244,390.414,600.037",bottom_contact,bottom_near_edge,true,true,true,0.48,depth_edge_mixed_risk,false,not_direct_full_stream;硬边缘接触:bottom_contact;高度接近轨迹主体;多检测源支持;depth_edge_mixed_risk;width_ok=false;height_ok=true;phase_ok=true;phase=0.394,false,yolo26l:iou=0.532
PV_GM19_GRAY_CAR_LEFT_EDGE,163,yolo26l_probe,bt_0078,"117.716,301.222,405.535,599.768",bottom_contact,bottom_near_edge,true,true,true,0.48,depth_edge_mixed_risk,false,not_direct_full_stream;硬边缘接触:bottom_contact;高度接近轨迹主体;多检测源支持;depth_edge_mixed_risk;width_ok=false;height_ok=true;phase_ok=true;phase=0.424,false,yolo11l:iou=0.49;yolo26l:iou=0.561
PV_GM19_GRAY_CAR_LEFT_EDGE,164,yolo26l_probe,bt_0078,"118.172,301.49,427.88,599.385",bottom_contact,bottom_near_edge,true,true,true,0.48,depth_edge_mixed_risk,false,not_direct_full_stream;硬边缘接触:bottom_contact;高度接近轨迹主体;多检测源支持;depth_edge_mixed_risk;width_ok=false;height_ok=true;phase_ok=true;phase=0.455,false,yolo26l:iou=0.573
PV_GM19_GRAY_CAR_LEFT_EDGE,165,yolo26l_probe,bt_0078,"124.476,302.547,456.683,598.956",bottom_contact,bottom_near_edge,true,true,true,0.66,depth_edge_mixed_risk,false,not_direct_full_stream;硬边缘接触:bottom_contact;宽度接近轨迹主体;高度接近轨迹主体;多检测源支持;depth_edge_mixed_risk;width_ok=true;height_ok=true;phase_ok=true;phase=0.485,false,yolo26l:iou=0.578
PV_GM19_GRAY_CAR_LEFT_EDGE,166,yolo26l_probe,bt_0078,"130.124,303.349,484.733,598.721",bottom_contact,bottom_near_edge,true,true,true,0.66,depth_edge_mixed_risk,false,not_direct_full_stream;硬边缘接触:bottom_contact;宽度接近轨迹主体;高度接近轨迹主体;多检测源支持;depth_edge_mixed_risk;width_ok=true;height_ok=true;phase_ok=true;phase=0.515,false,yolo26l:iou=0.601
PV_GM19_GRAY_CAR_LEFT_EDGE,167,yolo26l_probe,bt_0078,"124.528,305.14,499.126,598.593",bottom_contact,bottom_near_edge,true,true,true,0.66,depth_edge_mixed_risk,false,not_direct_full_stream;硬边缘接触:bottom_contact;宽度接近轨迹主体;高度接近轨迹主体;多检测源支持;depth_edge_mixed_risk;width_ok=true;height_ok=true;phase_ok=true;phase=0.545,false,yolo26l:iou=0.63
PV_GM19_GRAY_CAR_LEFT_EDGE,168,yolo26l_probe,bt_0078,"126.28,304.027,522.998,598.252",bottom_contact,bottom_near_edge,true,true,true,0.66,depth_edge_mixed_risk,false,not_direct_full_stream;硬边缘接触:bottom_contact;宽度接近轨迹主体;高度接近轨迹主体;多检测源支持;depth_edge_mixed_risk;width_ok=true;height_ok=true;phase_ok=true;phase=0.576,false,yolo26l:iou=0.654
PV_GM19_GRAY_CAR_LEFT_EDGE,169,yolo26l_probe,bt_0078,"133.54,302.708,551.576,598.075",bottom_contact,bottom_near_edge,true,true,true,0.66,depth_edge_mixed_risk,false,not_direct_full_stream;硬边缘接触:bottom_contact;宽度接近轨迹主体;高度接近轨迹主体;多检测源支持;depth_edge_mixed_risk;width_ok=true;height_ok=true;phase_ok=true;phase=0.606,false,yolo26l:iou=0.682
PV_GM19_GRAY_CAR_LEFT_EDGE,170,yolo26l_probe,bt_0078,"153.156,303.095,587.54,597.888",none,bottom_near_edge,true,true,true,0.88,depth_edge_mixed_risk,true,direct_observable_full_stream;无硬边缘接触;宽度接近轨迹主体;高度接近轨迹主体;多检测源支持;depth_edge_mixed_risk;width_ok=true;height_ok=true;phase_ok=true;phase=0.636,false,yolo26l:iou=0.723
PV_GM19_GRAY_CAR_LEFT_EDGE,171,yolo26l_probe,bt_0078,"231.702,297.764,685.647,597.487",none,bottom_near_edge,false,true,true,0.88,depth_edge_mixed_risk,true,direct_observable_full_stream;无硬边缘接触;宽度接近轨迹主体;高度接近轨迹主体;多检测源支持;depth_edge_mixed_risk;width_ok=true;height_ok=true;phase_ok=true;phase=0.667,false,yolo11l:iou=0.721;yolo26l:iou=0.746
PV_GM19_GRAY_CAR_LEFT_EDGE,172,yolo26l_probe,bt_0078,"258.316,297.215,725.41,597.894",none,bottom_near_edge,false,true,true,0.88,depth_edge_mixed_risk,true,direct_observable_full_stream;无硬边缘接触;宽度接近轨迹主体;高度接近轨迹主体;多检测源支持;depth_edge_mixed_risk;width_ok=true;height_ok=true;phase_ok=true;phase=0.697,false,yolo11l:iou=0.793;yolo26l:iou=0.824
PV_GM19_GRAY_CAR_LEFT_EDGE,173,yolo26l_probe,bt_0078,"297.65,299.152,766.247,597.692",none,bottom_near_edge,false,true,true,0.88,depth_edge_mixed_risk,true,direct_observable_full_stream;无硬边缘接触;宽度接近轨迹主体;高度接近轨迹主体;多检测源支持;depth_edge_mixed_risk;width_ok=true;height_ok=true;phase_ok=true;phase=0.727,false,yolo11l:iou=0.82;yolo26l:iou=0.91
PV_GM19_GRAY_CAR_LEFT_EDGE,174,yolo26l_probe,bt_0078,"320.016,304.315,784.172,597.609",none,right_near_edge;bottom_near_edge,false,true,true,0.72,depth_edge_mixed_risk,true,direct_observable_full_stream;无硬边缘接触;宽度接近轨迹主体;高度接近轨迹主体;多检测源支持;depth_edge_mixed_risk;width_ok=true;height_ok=true;phase_ok=true;phase=0.758,false,yolo11l:iou=0.876;yolo26l:iou=0.928
PV_GM19_GRAY_CAR_LEFT_EDGE,175,yolo26l_probe,bt_0078,"347.072,312.6,799.03,597.542",right_contact,right_near_edge;bottom_near_edge,false,true,true,0.5,depth_edge_mixed_risk,false,not_direct_full_stream;硬边缘接触:right_contact;宽度接近轨迹主体;高度接近轨迹主体;多检测源支持;depth_edge_mixed_risk;width_ok=true;height_ok=true;phase_ok=true;phase=0.788,false,yolo11l:iou=0.956;yolo26l:iou=0.974
PV_GM19_GRAY_CAR_LEFT_EDGE,176,yolo26l_probe,bt_0078,"379.894,322.253,814.292,597.599",right_contact,right_near_edge;bottom_near_edge,false,true,true,0.5,depth_edge_mixed_risk,false,not_direct_full_stream;硬边缘接触:right_contact;宽度接近轨迹主体;高度接近轨迹主体;多检测源支持;depth_edge_mixed_risk;width_ok=true;height_ok=true;phase_ok=true;phase=0.818,false,yolo11l:iou=0.91;yolo26l:iou=0.917
PV_GM19_GRAY_CAR_LEFT_EDGE,177,yolo26l_probe,bt_0078,"414.563,332.498,827.913,597.933",right_contact,right_near_edge;bottom_near_edge,false,true,true,0.5,depth_edge_mixed_risk,false,not_direct_full_stream;硬边缘接触:right_contact;宽度接近轨迹主体;高度接近轨迹主体;多检测源支持;depth_edge_mixed_risk;width_ok=true;height_ok=true;phase_ok=true;phase=0.848,false,yolo11l:iou=0.841;yolo26l:iou=0.847
PV_GM19_GRAY_CAR_LEFT_EDGE,178,yolo26l_probe,bt_0078,"457.33,347.158,839.746,597.882",right_contact,right_near_edge;bottom_near_edge,false,true,true,0.5,depth_edge_mixed_risk,false,not_direct_full_stream;硬边缘接触:right_contact;宽度接近轨迹主体;高度接近轨迹主体;多检测源支持;depth_edge_mixed_risk;width_ok=true;height_ok=true;phase_ok=false;phase=0.879,false,yolo11l:iou=0.761;yolo26l:iou=0.762
PV_GM19_GRAY_CAR_LEFT_EDGE,179,yolo26l_probe,bt_0078,"499.054,360.418,850.003,597.22",right_contact,right_near_edge;bottom_near_edge,false,true,true,0.5,depth_edge_mixed_risk,false,not_direct_full_stream;硬边缘接触:right_contact;宽度接近轨迹主体;高度接近轨迹主体;多检测源支持;depth_edge_mixed_risk;width_ok=true;height_ok=true;phase_ok=false;phase=0.909,false,yolo11l:iou=0.686;yolo26l:iou=0.694
PV_GM19_GRAY_CAR_LEFT_EDGE,180,yolo26l_probe,bt_0078,"544.755,380.103,855.216,597.095",right_contact,right_near_edge;bottom_near_edge,false,true,true,0.32,depth_edge_mixed_risk,false,not_direct_full_stream;硬边缘接触:right_contact;高度接近轨迹主体;多检测源支持;depth_edge_mixed_risk;width_ok=false;height_ok=true;phase_ok=false;phase=0.939,false,yolo11l:iou=0.621;yolo26l:iou=0.619
PV_GM19_GRAY_CAR_LEFT_EDGE,181,yolo26l_probe,bt_0078,"586.902,392.537,865.257,596.65",right_contact,right_near_edge;bottom_near_edge,false,true,true,0.2,depth_edge_mixed_risk,false,not_direct_full_stream;硬边缘接触:right_contact;多检测源支持;depth_edge_mixed_risk;width_ok=false;height_ok=false;phase_ok=false;phase=0.97,false,yolo11l:iou=0.517;yolo26l:iou=0.519
PV_GM19_GRAY_CAR_LEFT_EDGE,182,yolo26l_probe,bt_0078,"629.69,404.556,874.74,595.772",right_contact,right_near_edge;bottom_near_edge,false,true,true,0.12,depth_edge_mixed_risk,false,not_direct_full_stream;硬边缘接触:right_contact;depth_edge_mixed_risk;width_ok=false;height_ok=false;phase_ok=false;phase=1,false,
PV_GM19_UNPAIRED_SMALL_259_261,259,yolo26l_probe,bt_0090,"448.114,316.803,484.477,344.349",none,none,true,false,true,0.5,depth_vehicle_region_usable,false,not_direct_full_stream;无硬边缘接触;多检测源支持;深度区域可用;碎片或时间范围不足;width_ok=false;height_ok=false;phase_ok=true;phase=0,false,yolo11l:iou=0.911;yolo26l:iou=0.91
PV_GM19_UNPAIRED_SMALL_259_261,260,yolo26l_probe,bt_0090,"454.215,317.098,490.997,344.951",none,none,true,true,true,0.5,depth_vehicle_region_usable,false,not_direct_full_stream;无硬边缘接触;多检测源支持;深度区域可用;碎片或时间范围不足;width_ok=false;height_ok=false;phase_ok=true;phase=0.5,false,yolo11l:iou=0.879;yolo26l:iou=0.898
PV_GM19_UNPAIRED_SMALL_259_261,261,yolo26l_probe,bt_0090,"462.259,315.503,497.984,342.512",none,none,false,true,true,0.5,depth_vehicle_region_usable,false,not_direct_full_stream;无硬边缘接触;多检测源支持;深度区域可用;碎片或时间范围不足;width_ok=false;height_ok=false;phase_ok=true;phase=1,false,yolo11l:iou=0.891;yolo26l:iou=0.888
