wgv1_4_thread_id,scene_id,wgv1_4_status,visual_identity_label,old_wgv1_3_thread_ids,target_family_ids,source_fragment_ids,frame_start,frame_end,target_family_count,same_vehicle_edge_ids,blocked_edge_ids,context_edge_ids,confidence,auto_applied,needs_user_spotcheck,sar_ready,not_final_box_flag,not_gt_box_flag,not_revised_annotation_flag,visual_evidence_frames,visual_evidence_paths,visual_summary,rule_triggered
GM_RM011_WGV14T001,GM_RM011,accepted,GM_RM011_white_car_nearfield_000_025,GM_RM011_WGV13T001;GM_RM011_WGV13T002,GM_RM011_WGV12TF001;GM_RM011_WGV12TF002;GM_RM011_WGV12TF003;GM_RM011_WGV12TF004;GM_RM011_WGV12TF005,GM_RM011_WG11F001;GM_RM011_WG11F002;GM_RM011_WG11F003;GM_RM011_WG11F004,0,25,5,GM_RM011_WGV12M001;GM_RM011_WGV12M002;GM_RM011_WGV12M003;GM_RM011_WGV12M004,,,high,yes,no,no / blocked,yes,yes,yes,8;9;10;13;18;24;25,outputs/oty2/y26l_wgv1_3_vehicle_thread_review_20260708/01_GM_RM011_GM_RM011_WGV13T001_same_vehicle_candidate/frames_yolo/GM_RM011_WGV13T001_GM_RM011_WGV12TF002_000008_diagnostic_yolo26l.png;outputs/oty2/y26l_wgv1_3_vehicle_thread_review_20260708/01_GM_RM011_GM_RM011_WGV13T001_same_vehicle_candidate/frames_yolo/GM_RM011_WGV13T001_GM_RM011_WGV12TF002_000009_diagnostic_yolo26l.png;outputs/oty2/y26l_wgv1_3_vehicle_thread_review_20260708/02_GM_RM011_GM_RM011_WGV13T002_primary_box_review/frames_yolo/GM_RM011_WGV13T002_GM_RM011_WGV12TF003_000010_diagnostic_yolo26l.png;outputs/oty2/y26l_wgv1_3_vehicle_thread_review_20260708/02_GM_RM011_GM_RM011_WGV13T002_primary_box_review/frames_yolo/GM_RM011_WGV13T002_GM_RM011_WGV12TF004_000013_diagnostic_yolo26l.png;outputs/oty2/y26l_wgv1_3_vehicle_thread_review_20260708/02_GM_RM011_GM_RM011_WGV13T002_primary_box_review/frames_yolo/GM_RM011_WGV13T002_GM_RM011_WGV12TF005_000018_diagnostic_yolo26l.png;outputs/oty2/y26l_wgv1_3_vehicle_thread_review_20260708/02_GM_RM011_GM_RM011_WGV13T002_primary_box_review/frames_yolo/GM_RM011_WGV13T002_GM_RM011_WGV12TF005_000024_diagnostic_yolo26l.png;outputs/oty2/y26l_wgv1_3_vehicle_thread_review_20260708/02_GM_RM011_GM_RM011_WGV13T002_primary_box_review/frames_yolo/GM_RM011_WGV13T002_GM_RM011_WGV12TF005_000025_diagnostic_yolo26l.png,"White near-field car remains the same referent from side-window crop through front/hood crop; M003 primary-box issue is duplicate/better-box, not a vehicle switch.",A;B;D;G
GM_RM011_WGV14T002,GM_RM011,accepted,GM_RM011_white_front_car_031_035,GM_RM011_WGV13T003,GM_RM011_WGV12TF006,GM_RM011_WG11F006,31,35,1,,GM_RM011_WGV12M005,GM_RM011_WGV14C001,high,yes,no,no / blocked,yes,yes,yes,31;32;33;34;35,outputs/oty2/y26l_wgv1_3_vehicle_thread_review_20260708/03_GM_RM011_GM_RM011_WGV13T003_standalone_split/frames_yolo/GM_RM011_WGV13T003_GM_RM011_WGV12TF006_000031_diagnostic_yolo26l.png;outputs/oty2/y26l_wgv1_3_vehicle_thread_review_20260708/03_GM_RM011_GM_RM011_WGV13T003_standalone_split/frames_yolo/GM_RM011_WGV13T003_GM_RM011_WGV12TF006_000032_diagnostic_yolo26l.png;outputs/oty2/y26l_wgv1_3_vehicle_thread_review_20260708/03_GM_RM011_GM_RM011_WGV13T003_standalone_split/frames_yolo/GM_RM011_WGV13T003_GM_RM011_WGV12TF006_000033_diagnostic_yolo26l.png;outputs/oty2/y26l_wgv1_3_vehicle_thread_review_20260708/03_GM_RM011_GM_RM011_WGV13T003_standalone_split/frames_yolo/GM_RM011_WGV13T003_GM_RM011_WGV12TF006_000034_diagnostic_yolo26l.png;outputs/oty2/y26l_wgv1_3_vehicle_thread_review_20260708/03_GM_RM011_GM_RM011_WGV13T003_standalone_split/frames_yolo/GM_RM011_WGV13T003_GM_RM011_WGV12TF006_000035_diagnostic_yolo26l.png,"Standalone white front-facing car; M005 shows same-color replacement from the preceding near-field white car, so it remains separated.",D;F
GM_RM011_WGV14T003,GM_RM011,accepted,GM_RM011_white_car_competition_135_137,GM_RM011_WGV13T004,GM_RM011_WGV12TF007,GM_RM011_WG11F007,135,137,1,,,,high,yes,no,no / blocked,yes,yes,yes,135;136;137,outputs/oty2/y26l_wgv1_3_vehicle_thread_review_20260708/04_GM_RM011_GM_RM011_WGV13T004_standalone_split/frames_yolo/GM_RM011_WGV13T004_GM_RM011_WGV12TF007_000135_diagnostic_yolo26l.png;outputs/oty2/y26l_wgv1_3_vehicle_thread_review_20260708/04_GM_RM011_GM_RM011_WGV13T004_standalone_split/frames_yolo/GM_RM011_WGV13T004_GM_RM011_WGV12TF007_000136_diagnostic_yolo26l.png;outputs/oty2/y26l_wgv1_3_vehicle_thread_review_20260708/04_GM_RM011_GM_RM011_WGV13T004_standalone_split/frames_yolo/GM_RM011_WGV13T004_GM_RM011_WGV12TF007_000137_diagnostic_yolo26l.png,Independent three-frame white/gray vehicle competition scene with no adjacent merge candidate.,A;G
GM_RM011_WGV14T004,GM_RM011,accepted,GM_RM011_white_car_scooter_context_151_166,GM_RM011_WGV13T005,GM_RM011_WGV12TF008;GM_RM011_WGV12TF009,GM_RM011_WG11F009;GM_RM011_WG11F010,151,166,2,GM_RM011_WGV12M006,,,high,yes,no,no / blocked,yes,yes,yes,151;154;160;164;166,outputs/oty2/y26l_wgv1_3_vehicle_thread_review_20260708/05_GM_RM011_GM_RM011_WGV13T005_same_vehicle_candidate/frames_yolo/GM_RM011_WGV13T005_GM_RM011_WGV12TF008_000151_diagnostic_yolo26l.png;outputs/oty2/y26l_wgv1_3_vehicle_thread_review_20260708/05_GM_RM011_GM_RM011_WGV13T005_same_vehicle_candidate/frames_yolo/GM_RM011_WGV13T005_GM_RM011_WGV12TF008_000154_diagnostic_yolo26l.png;outputs/oty2/y26l_wgv1_3_vehicle_thread_review_20260708/05_GM_RM011_GM_RM011_WGV13T005_same_vehicle_candidate/frames_yolo/GM_RM011_WGV13T005_GM_RM011_WGV12TF008_000160_diagnostic_yolo26l.png;outputs/oty2/y26l_wgv1_3_vehicle_thread_review_20260708/05_GM_RM011_GM_RM011_WGV13T005_same_vehicle_candidate/frames_yolo/GM_RM011_WGV13T005_GM_RM011_WGV12TF009_000164_diagnostic_yolo26l.png;outputs/oty2/y26l_wgv1_3_vehicle_thread_review_20260708/05_GM_RM011_GM_RM011_WGV13T005_same_vehicle_candidate/frames_yolo/GM_RM011_WGV13T005_GM_RM011_WGV12TF009_000166_diagnostic_yolo26l.png,Same white car passes near a scooter and covered vehicle; the final frames are edge-visible but still continuous.,B;G
GM_RM011_WGV14T005,GM_RM011,accepted,GM_RM011_white_car_underpass_nearfield_231_288,GM_RM011_WGV13T006;GM_RM011_WGV13T007;GM_RM011_WGV13T008;GM_RM011_WGV13T009;GM_RM011_WGV13T010;GM_RM011_WGV13T011;GM_RM011_WGV13T012,GM_RM011_WGV12TF010;GM_RM011_WGV12TF011;GM_RM011_WGV12TF012;GM_RM011_WGV12TF013;GM_RM011_WGV12TF014;GM_RM011_WGV12TF015;GM_RM011_WGV12TF016;GM_RM011_WGV12TF017;GM_RM011_WGV12TF018;GM_RM011_WGV12TF019,GM_RM011_WG11F011;GM_RM011_WG11F012;GM_RM011_WG11F013;GM_RM011_WG11F014;GM_RM011_WG11F015,231,288,10,GM_RM011_WGV12M007;GM_RM011_WGV12M008;GM_RM011_WGV12M009;GM_RM011_WGV12M010;GM_RM011_WGV12M011;GM_RM011_WGV12M012;GM_RM011_WGV12M013;GM_RM011_WGV12M014;GM_RM011_WGV12M015,GM_RM011_WGV12M016,GM_RM011_WGV14C002,medium_high,yes,yes,no / blocked,yes,yes,yes,231;233;242;250;259;270;279;288,outputs/oty2/y26l_wgv1_3_vehicle_thread_review_20260708/06_GM_RM011_GM_RM011_WGV13T006_standalone_split/frames_yolo/GM_RM011_WGV13T006_GM_RM011_WGV12TF010_000231_diagnostic_yolo26l.png;outputs/oty2/y26l_wgv1_3_vehicle_thread_review_20260708/07_GM_RM011_GM_RM011_WGV13T007_same_vehicle_candidate/frames_yolo/GM_RM011_WGV13T007_GM_RM011_WGV12TF011_000233_diagnostic_yolo26l.png;outputs/oty2/y26l_wgv1_3_vehicle_thread_review_20260708/08_GM_RM011_GM_RM011_WGV13T008_standalone_split/frames_yolo/GM_RM011_WGV13T008_GM_RM011_WGV12TF013_000242_diagnostic_yolo26l.png;outputs/oty2/y26l_wgv1_3_vehicle_thread_review_20260708/09_GM_RM011_GM_RM011_WGV13T009_standalone_split/frames_yolo/GM_RM011_WGV13T009_GM_RM011_WGV12TF014_000250_diagnostic_yolo26l.png;outputs/oty2/y26l_wgv1_3_vehicle_thread_review_20260708/10_GM_RM011_GM_RM011_WGV13T010_standalone_split/frames_yolo/GM_RM011_WGV13T010_GM_RM011_WGV12TF015_000259_diagnostic_yolo26l.png;outputs/oty2/y26l_wgv1_3_vehicle_thread_review_20260708/12_GM_RM011_GM_RM011_WGV13T012_same_vehicle_candidate/frames_yolo/GM_RM011_WGV13T012_GM_RM011_WGV12TF018_000270_diagnostic_yolo26l.png;outputs/oty2/y26l_wgv1_3_vehicle_thread_review_20260708/12_GM_RM011_GM_RM011_WGV13T012_same_vehicle_candidate/frames_yolo/GM_RM011_WGV13T012_GM_RM011_WGV12TF019_000279_diagnostic_yolo26l.png;outputs/oty2/y26l_wgv1_3_vehicle_thread_review_20260708/12_GM_RM011_GM_RM011_WGV13T012_same_vehicle_candidate/frames_yolo/GM_RM011_WGV13T012_GM_RM011_WGV12TF019_000288_diagnostic_yolo26l.png,Long underpass near-field white-car sequence; WGV1.3 over-split it. The 286-288 competitor white SUV makes this a high-risk accepted repair.,B;F;G
GM_RM011_WGV14T006,GM_RM011,accepted,GM_RM011_competitor_white_suv_289_292,GM_RM011_WGV13T013,GM_RM011_WGV12TF020,GM_RM011_WG11F016,289,292,1,,GM_RM011_WGV12M016,GM_RM011_WGV14C002,high,yes,no,no / blocked,yes,yes,yes,287;288;289;290;292,outputs/oty2/y26l_wgv1_3_vehicle_thread_review_20260708/13_GM_RM011_GM_RM011_WGV13T013_standalone_split/frames_yolo/GM_RM011_WGV13T013_GM_RM011_WGV12TF020_000289_diagnostic_yolo26l.png;outputs/oty2/y26l_wgv1_3_vehicle_thread_review_20260708/13_GM_RM011_GM_RM011_WGV13T013_standalone_split/frames_yolo/GM_RM011_WGV13T013_GM_RM011_WGV12TF020_000290_diagnostic_yolo26l.png;outputs/oty2/y26l_wgv1_3_vehicle_thread_review_20260708/13_GM_RM011_GM_RM011_WGV13T013_standalone_split/frames_yolo/GM_RM011_WGV13T013_GM_RM011_WGV12TF020_000292_diagnostic_yolo26l.png,Separate white SUV at left/rear after frame 289; it is not the right-side white car tracked in WGV14T005.,D;F;G
GM_RM017_WGV14T001,GM_RM017,weak,GM_RM017_white_box_truck_118_157,GM_RM017_WGV13T001;GM_RM017_WGV13T003,GM_RM017_WGV12TF001;GM_RM017_WGV12TF002;GM_RM017_WGV12TF004,GM_RM017_WG11F001;GM_RM017_WG11F002,118,157,3,GM_RM017_WGV12M001;GM_RM017_WGV14V001,GM_RM017_WGV12M002;GM_RM017_WGV12M003;GM_RM017_WGV12M004,GM_RM017_WGV14C001;GM_RM017_WGV14C002;GM_RM017_WGV14C003,medium,yes,yes,no / blocked,yes,yes,yes,118;145;148;156;157,outputs/oty2/y26l_wgv1_3_vehicle_thread_review_20260708/14_GM_RM017_GM_RM017_WGV13T001_same_vehicle_candidate/frames_yolo/GM_RM017_WGV13T001_GM_RM017_WGV12TF001_000118_diagnostic_yolo26l.png;outputs/oty2/y26l_wgv1_3_vehicle_thread_review_20260708/14_GM_RM017_GM_RM017_WGV13T001_same_vehicle_candidate/frames_yolo/GM_RM017_WGV13T001_GM_RM017_WGV12TF002_000145_diagnostic_yolo26l.png;outputs/oty2/y26l_wgv1_3_vehicle_thread_review_20260708/14_GM_RM017_GM_RM017_WGV13T001_same_vehicle_candidate/frames_yolo/GM_RM017_WGV13T001_GM_RM017_WGV12TF002_000148_diagnostic_yolo26l.png;outputs/oty2/y26l_wgv1_3_vehicle_thread_review_20260708/16_GM_RM017_GM_RM017_WGV13T003_standalone_split/frames_yolo/GM_RM017_WGV13T003_GM_RM017_WGV12TF004_000156_diagnostic_yolo26l.png;outputs/oty2/y26l_wgv1_3_vehicle_thread_review_20260708/16_GM_RM017_GM_RM017_WGV13T003_standalone_split/frames_yolo/GM_RM017_WGV13T003_GM_RM017_WGV12TF004_000157_diagnostic_yolo26l.png,"White box truck/van remains visible before and after an intervening black-car selection, but the object is far and partly occluded by street furniture.",A;B;G
GM_RM017_WGV14T002,GM_RM017,weak,GM_RM017_black_sedan_interleaved_149_214,GM_RM017_WGV13T002;GM_RM017_WGV13T005;GM_RM017_WGV13T007;GM_RM017_WGV13T009,GM_RM017_WGV12TF003;GM_RM017_WGV12TF007;GM_RM017_WGV12TF009;GM_RM017_WGV12TF011;GM_RM017_WGV12TF012,GM_RM017_WG11F002;GM_RM017_WG11F004;GM_RM017_WG11F005,149,214,5,GM_RM017_WGV14V002;GM_RM017_WGV14V003;GM_RM017_WGV14V004;GM_RM017_WGV12M010,GM_RM017_WGV12M002;GM_RM017_WGV12M003;GM_RM017_WGV12M006;GM_RM017_WGV12M007;GM_RM017_WGV12M008;GM_RM017_WGV12M009,GM_RM017_WGV14C001;GM_RM017_WGV14C002;GM_RM017_WGV14C004;GM_RM017_WGV14C005;GM_RM017_WGV14C006;GM_RM017_WGV14C007,medium,yes,yes,no / blocked,yes,yes,yes,149;155;169;173;176;181;200;214,outputs/oty2/y26l_wgv1_3_vehicle_thread_review_20260708/15_GM_RM017_GM_RM017_WGV13T002_standalone_split/frames_yolo/GM_RM017_WGV13T002_GM_RM017_WGV12TF003_000149_diagnostic_yolo26l.png;outputs/oty2/y26l_wgv1_3_vehicle_thread_review_20260708/15_GM_RM017_GM_RM017_WGV13T002_standalone_split/frames_yolo/GM_RM017_WGV13T002_GM_RM017_WGV12TF003_000155_diagnostic_yolo26l.png;outputs/oty2/y26l_wgv1_3_vehicle_thread_review_20260708/18_GM_RM017_GM_RM017_WGV13T005_standalone_split/frames_yolo/GM_RM017_WGV13T005_GM_RM017_WGV12TF007_000169_diagnostic_yolo26l.png;outputs/oty2/y26l_wgv1_3_vehicle_thread_review_20260708/18_GM_RM017_GM_RM017_WGV13T005_standalone_split/frames_yolo/GM_RM017_WGV13T005_GM_RM017_WGV12TF007_000173_diagnostic_yolo26l.png;outputs/oty2/y26l_wgv1_3_vehicle_thread_review_20260708/20_GM_RM017_GM_RM017_WGV13T007_standalone_split/frames_yolo/GM_RM017_WGV13T007_GM_RM017_WGV12TF009_000176_diagnostic_yolo26l.png;outputs/oty2/y26l_wgv1_3_vehicle_thread_review_20260708/20_GM_RM017_GM_RM017_WGV13T007_standalone_split/frames_yolo/GM_RM017_WGV13T007_GM_RM017_WGV12TF009_000181_diagnostic_yolo26l.png;outputs/oty2/y26l_wgv1_3_vehicle_thread_review_20260708/22_GM_RM017_GM_RM017_WGV13T009_same_vehicle_candidate/frames_yolo/GM_RM017_WGV13T009_GM_RM017_WGV12TF011_000200_diagnostic_yolo26l.png;outputs/oty2/y26l_wgv1_3_vehicle_thread_review_20260708/22_GM_RM017_GM_RM017_WGV13T009_same_vehicle_candidate/frames_yolo/GM_RM017_WGV13T009_GM_RM017_WGV12TF012_000214_diagnostic_yolo26l.png,Black sedan appears in interleaved fragments around the white SUV; the 181 to 200 bridge is visually plausible but weak.,A;F;G
GM_RM017_WGV14T003,GM_RM017,weak,GM_RM017_white_suv_interleaved_158_185,GM_RM017_WGV13T004;GM_RM017_WGV13T006;GM_RM017_WGV13T008,GM_RM017_WGV12TF005;GM_RM017_WGV12TF006;GM_RM017_WGV12TF008;GM_RM017_WGV12TF010,GM_RM017_WG11F002;GM_RM017_WG11F004,158,185,4,GM_RM017_WGV12M005;GM_RM017_WGV14V005;GM_RM017_WGV14V006,GM_RM017_WGV12M004;GM_RM017_WGV12M006;GM_RM017_WGV12M007;GM_RM017_WGV12M008;GM_RM017_WGV12M009,GM_RM017_WGV14C003;GM_RM017_WGV14C004;GM_RM017_WGV14C005;GM_RM017_WGV14C006;GM_RM017_WGV14C007,medium_high,yes,yes,no / blocked,yes,yes,yes,158;164;168;174;175;182;185,outputs/oty2/y26l_wgv1_3_vehicle_thread_review_20260708/17_GM_RM017_GM_RM017_WGV13T004_primary_box_review/frames_yolo/GM_RM017_WGV13T004_GM_RM017_WGV12TF005_000158_diagnostic_yolo26l.png;outputs/oty2/y26l_wgv1_3_vehicle_thread_review_20260708/17_GM_RM017_GM_RM017_WGV13T004_primary_box_review/frames_yolo/GM_RM017_WGV13T004_GM_RM017_WGV12TF006_000164_diagnostic_yolo26l.png;outputs/oty2/y26l_wgv1_3_vehicle_thread_review_20260708/17_GM_RM017_GM_RM017_WGV13T004_primary_box_review/frames_yolo/GM_RM017_WGV13T004_GM_RM017_WGV12TF006_000168_diagnostic_yolo26l.png;outputs/oty2/y26l_wgv1_3_vehicle_thread_review_20260708/19_GM_RM017_GM_RM017_WGV13T006_standalone_split/frames_yolo/GM_RM017_WGV13T006_GM_RM017_WGV12TF008_000174_diagnostic_yolo26l.png;outputs/oty2/y26l_wgv1_3_vehicle_thread_review_20260708/19_GM_RM017_GM_RM017_WGV13T006_standalone_split/frames_yolo/GM_RM017_WGV13T006_GM_RM017_WGV12TF008_000175_diagnostic_yolo26l.png;outputs/oty2/y26l_wgv1_3_vehicle_thread_review_20260708/21_GM_RM017_GM_RM017_WGV13T008_standalone_split/frames_yolo/GM_RM017_WGV13T008_GM_RM017_WGV12TF010_000182_diagnostic_yolo26l.png;outputs/oty2/y26l_wgv1_3_vehicle_thread_review_20260708/21_GM_RM017_GM_RM017_WGV13T008_standalone_split/frames_yolo/GM_RM017_WGV13T008_GM_RM017_WGV12TF010_000185_diagnostic_yolo26l.png,"White SUV fragments are the same vehicle, interleaved with black sedan selections; M005 primary-box issue is resolved as same SUV.",A;F;G
