case_id,scene,object_hypothesis_id,sar_frame,frame_offsets_used,temporal_data_available,shell_available_in_frames,ridge_persistence,hotspot_persistence,shell_centroid_drift_px,shell_drift_direction,shell_orientation_change,structure_changes_gradually,non_jump_constraint_supported,background_stable_risk,compatible_with_optical_tracklet_motion,vehicle_like_temporal_drift_supported,notes
PAIR_GM_RM017_o145_s302_oty1t_obj_GM_RM017_bytetrack_bt_0008,GM_RM017,oty1t_obj_GM_RM017_bytetrack_bt_0008,302,-5;-4;-3;-2;-1;0;1;2;3;4;5,yes,1,1,yes,36.371,right,unavailable,yes,yes,no,yes,yes,"Existing probe provides -5..+5, not full -10/+10. Temporal drift is posthoc mechanism support, not identity truth."
PAIR_GM_RM017_o149_s310_oty1t_obj_GM_RM017_bytetrack_bt_0008,GM_RM017,oty1t_obj_GM_RM017_bytetrack_bt_0008,310,-5;-4;-3;-2;-1;0;1;2;3;4;5,yes,1,0.9091,yes,41.39,right,unavailable,yes,yes,no,yes,yes,"Existing probe provides -5..+5, not full -10/+10. Temporal drift is posthoc mechanism support, not identity truth."
PAIR_GM_RM017_o151_s315_oty1t_obj_GM_RM017_bytetrack_bt_0008,GM_RM017,oty1t_obj_GM_RM017_bytetrack_bt_0008,315,-5;-4;-3;-2;-1;0;1;2;3;4;5,yes,1,0.7273,yes,198.221,up,unavailable,no,no,no,uncertain,uncertain,"Existing probe provides -5..+5, not full -10/+10. Temporal drift is posthoc mechanism support, not identity truth."
PAIR_GM_RM017_o151_s315_oty1t_obj_GM_RM017_bytetrack_bt_0010,GM_RM017,oty1t_obj_GM_RM017_bytetrack_bt_0010,315,-5;-4;-3;-2;-1;0;1;2;3;4;5,yes,1,0.9091,yes,128.764,left,unavailable,no,no,no,uncertain,uncertain,"Existing probe provides -5..+5, not full -10/+10. Temporal drift is posthoc mechanism support, not identity truth."
PAIR_GM_RM017_o152_s317_oty1t_obj_GM_RM017_bytetrack_bt_0008,GM_RM017,oty1t_obj_GM_RM017_bytetrack_bt_0008,317,-5;-4;-3;-2;-1;0;1;2;3;4;5,yes,1,0.8182,yes,24.859,right,unavailable,no,no,no,uncertain,uncertain,"Existing probe provides -5..+5, not full -10/+10. Temporal drift is posthoc mechanism support, not identity truth."
PAIR_GM_RM017_o152_s317_oty1t_obj_GM_RM017_bytetrack_bt_0010,GM_RM017,oty1t_obj_GM_RM017_bytetrack_bt_0010,317,-5;-4;-3;-2;-1;0;1;2;3;4;5,yes,1,1,yes,207.415,up,unavailable,no,no,no,uncertain,uncertain,"Existing probe provides -5..+5, not full -10/+10. Temporal drift is posthoc mechanism support, not identity truth."
PAIR_GM_RM017_o153_s319_oty1t_obj_GM_RM017_bytetrack_bt_0008,GM_RM017,oty1t_obj_GM_RM017_bytetrack_bt_0008,319,-5;-4;-3;-2;-1;0;1;2;3;4;5,yes,1,0.8182,yes,26.493,right,unavailable,no,no,no,uncertain,uncertain,"Existing probe provides -5..+5, not full -10/+10. Temporal drift is posthoc mechanism support, not identity truth."
PAIR_GM_RM017_o153_s319_oty1t_obj_GM_RM017_bytetrack_bt_0010,GM_RM017,oty1t_obj_GM_RM017_bytetrack_bt_0010,319,-5;-4;-3;-2;-1;0;1;2;3;4;5,yes,1,1,yes,136.054,down,unavailable,no,no,no,uncertain,uncertain,"Existing probe provides -5..+5, not full -10/+10. Temporal drift is posthoc mechanism support, not identity truth."
PAIR_GM_RM017_o154_s321_oty1t_obj_GM_RM017_bytetrack_bt_0008,GM_RM017,oty1t_obj_GM_RM017_bytetrack_bt_0008,321,-5;-4;-3;-2;-1;0;1;2;3;4;5,yes,1,0.8182,yes,190.306,up,unavailable,no,no,no,uncertain,uncertain,"Existing probe provides -5..+5, not full -10/+10. Temporal drift is posthoc mechanism support, not identity truth."
PAIR_GM_RM017_o154_s321_oty1t_obj_GM_RM017_bytetrack_bt_0010,GM_RM017,oty1t_obj_GM_RM017_bytetrack_bt_0010,321,-5;-4;-3;-2;-1;0;1;2;3;4;5,yes,1,1,yes,133.623,down,unavailable,no,no,no,uncertain,uncertain,"Existing probe provides -5..+5, not full -10/+10. Temporal drift is posthoc mechanism support, not identity truth."
PAIR_GM_RM017_o155_s323_oty1t_obj_GM_RM017_bytetrack_bt_0008,GM_RM017,oty1t_obj_GM_RM017_bytetrack_bt_0008,323,-5;-4;-3;-2;-1;0;1;2;3;4;5,yes,1,1,yes,13.652,left_down,unavailable,no,no,no,uncertain,uncertain,"Existing probe provides -5..+5, not full -10/+10. Temporal drift is posthoc mechanism support, not identity truth."
PAIR_GM_RM017_o155_s323_oty1t_obj_GM_RM017_bytetrack_bt_0010,GM_RM017,oty1t_obj_GM_RM017_bytetrack_bt_0010,323,-5;-4;-3;-2;-1;0;1;2;3;4;5,yes,1,1,yes,41.211,right_down,unavailable,no,no,no,uncertain,uncertain,"Existing probe provides -5..+5, not full -10/+10. Temporal drift is posthoc mechanism support, not identity truth."
PAIR_GM_RM017_o156_s325_oty1t_obj_GM_RM017_bytetrack_bt_0008,GM_RM017,oty1t_obj_GM_RM017_bytetrack_bt_0008,325,-5;-4;-3;-2;-1;0;1;2;3;4;5,yes,1,0.8182,yes,15.046,left,unavailable,no,no,no,uncertain,uncertain,"Existing probe provides -5..+5, not full -10/+10. Temporal drift is posthoc mechanism support, not identity truth."
PAIR_GM_RM017_o156_s325_oty1t_obj_GM_RM017_bytetrack_bt_0010,GM_RM017,oty1t_obj_GM_RM017_bytetrack_bt_0010,325,-5;-4;-3;-2;-1;0;1;2;3;4;5,yes,1,1,yes,17.458,right,unavailable,no,no,no,uncertain,uncertain,"Existing probe provides -5..+5, not full -10/+10. Temporal drift is posthoc mechanism support, not identity truth."
PAIR_GM_RM017_o157_s327_oty1t_obj_GM_RM017_bytetrack_bt_0008,GM_RM017,oty1t_obj_GM_RM017_bytetrack_bt_0008,327,-5;-4;-3;-2;-1;0;1;2;3;4;5,yes,1,0.9091,yes,213.834,up,unavailable,no,no,no,uncertain,uncertain,"Existing probe provides -5..+5, not full -10/+10. Temporal drift is posthoc mechanism support, not identity truth."
PAIR_GM_RM017_o157_s327_oty1t_obj_GM_RM017_bytetrack_bt_0010,GM_RM017,oty1t_obj_GM_RM017_bytetrack_bt_0010,327,-5;-4;-3;-2;-1;0;1;2;3;4;5,yes,1,1,yes,67.16,right,unavailable,no,no,no,uncertain,uncertain,"Existing probe provides -5..+5, not full -10/+10. Temporal drift is posthoc mechanism support, not identity truth."
PAIR_GM_RM017_o158_s329_oty1t_obj_GM_RM017_bytetrack_bt_0008,GM_RM017,oty1t_obj_GM_RM017_bytetrack_bt_0008,329,-5;-4;-3;-2;-1;0;1;2;3;4;5,yes,1,0.9091,yes,195.61,up,unavailable,no,no,no,uncertain,uncertain,"Existing probe provides -5..+5, not full -10/+10. Temporal drift is posthoc mechanism support, not identity truth."
PAIR_GM_RM017_o158_s329_oty1t_obj_GM_RM017_bytetrack_bt_0010,GM_RM017,oty1t_obj_GM_RM017_bytetrack_bt_0010,329,-5;-4;-3;-2;-1;0;1;2;3;4;5,yes,1,1,yes,119.066,down,unavailable,no,no,no,uncertain,uncertain,"Existing probe provides -5..+5, not full -10/+10. Temporal drift is posthoc mechanism support, not identity truth."
PAIR_GM_RM017_o158_s330_oty1t_obj_GM_RM017_bytetrack_bt_0008,GM_RM017,oty1t_obj_GM_RM017_bytetrack_bt_0008,330,-5;-4;-3;-2;-1;0;1;2;3;4;5,yes,1,0.9091,yes,195.264,up,unavailable,no,no,no,uncertain,uncertain,"Existing probe provides -5..+5, not full -10/+10. Temporal drift is posthoc mechanism support, not identity truth."
PAIR_GM_RM017_o158_s330_oty1t_obj_GM_RM017_bytetrack_bt_0010,GM_RM017,oty1t_obj_GM_RM017_bytetrack_bt_0010,330,-5;-4;-3;-2;-1;0;1;2;3;4;5,yes,1,1,yes,41.628,right,unavailable,no,no,no,uncertain,uncertain,"Existing probe provides -5..+5, not full -10/+10. Temporal drift is posthoc mechanism support, not identity truth."
PAIR_GM_RM017_o159_s331_oty1t_obj_GM_RM017_bytetrack_bt_0008,GM_RM017,oty1t_obj_GM_RM017_bytetrack_bt_0008,331,-5;-4;-3;-2;-1;0;1;2;3;4;5,yes,1,1,yes,28.976,left,unavailable,no,no,no,uncertain,uncertain,"Existing probe provides -5..+5, not full -10/+10. Temporal drift is posthoc mechanism support, not identity truth."
PAIR_GM_RM017_o159_s331_oty1t_obj_GM_RM017_bytetrack_bt_0010,GM_RM017,oty1t_obj_GM_RM017_bytetrack_bt_0010,331,-5;-4;-3;-2;-1;0;1;2;3;4;5,yes,1,1,yes,192.637,up,unavailable,no,no,no,uncertain,uncertain,"Existing probe provides -5..+5, not full -10/+10. Temporal drift is posthoc mechanism support, not identity truth."
PAIR_GM_RM017_o159_s332_oty1t_obj_GM_RM017_bytetrack_bt_0008,GM_RM017,oty1t_obj_GM_RM017_bytetrack_bt_0008,332,-5;-4;-3;-2;-1;0;1;2;3;4;5,yes,1,1,yes,17.105,left,unavailable,no,no,no,uncertain,uncertain,"Existing probe provides -5..+5, not full -10/+10. Temporal drift is posthoc mechanism support, not identity truth."
PAIR_GM_RM017_o159_s332_oty1t_obj_GM_RM017_bytetrack_bt_0010,GM_RM017,oty1t_obj_GM_RM017_bytetrack_bt_0010,332,-5;-4;-3;-2;-1;0;1;2;3;4;5,yes,1,1,yes,201.855,up,unavailable,no,no,no,uncertain,uncertain,"Existing probe provides -5..+5, not full -10/+10. Temporal drift is posthoc mechanism support, not identity truth."
PAIR_GM_RM017_o160_s333_oty1t_obj_GM_RM017_bytetrack_bt_0008,GM_RM017,oty1t_obj_GM_RM017_bytetrack_bt_0008,333,-5;-4;-3;-2;-1;0;1;2;3;4;5,yes,1,1,yes,23.31,left,unavailable,no,no,no,uncertain,uncertain,"Existing probe provides -5..+5, not full -10/+10. Temporal drift is posthoc mechanism support, not identity truth."
PAIR_GM_RM017_o160_s333_oty1t_obj_GM_RM017_bytetrack_bt_0010,GM_RM017,oty1t_obj_GM_RM017_bytetrack_bt_0010,333,-5;-4;-3;-2;-1;0;1;2;3;4;5,yes,1,1,yes,116.037,left_up,unavailable,no,no,no,uncertain,uncertain,"Existing probe provides -5..+5, not full -10/+10. Temporal drift is posthoc mechanism support, not identity truth."
PAIR_GM_RM017_o160_s334_oty1t_obj_GM_RM017_bytetrack_bt_0008,GM_RM017,oty1t_obj_GM_RM017_bytetrack_bt_0008,334,-5;-4;-3;-2;-1;0;1;2;3;4;5,yes,1,1,yes,17.416,left,unavailable,no,no,no,uncertain,uncertain,"Existing probe provides -5..+5, not full -10/+10. Temporal drift is posthoc mechanism support, not identity truth."
PAIR_GM_RM017_o160_s334_oty1t_obj_GM_RM017_bytetrack_bt_0010,GM_RM017,oty1t_obj_GM_RM017_bytetrack_bt_0010,334,-5;-4;-3;-2;-1;0;1;2;3;4;5,yes,1,1,yes,30.242,up,unavailable,no,no,no,uncertain,uncertain,"Existing probe provides -5..+5, not full -10/+10. Temporal drift is posthoc mechanism support, not identity truth."
PAIR_GM_RM017_o161_s335_oty1t_obj_GM_RM017_bytetrack_bt_0008,GM_RM017,oty1t_obj_GM_RM017_bytetrack_bt_0008,335,-5;-4;-3;-2;-1;0;1;2;3;4;5,yes,1,1,yes,23.528,left,unavailable,no,no,no,uncertain,uncertain,"Existing probe provides -5..+5, not full -10/+10. Temporal drift is posthoc mechanism support, not identity truth."
PAIR_GM_RM017_o161_s335_oty1t_obj_GM_RM017_bytetrack_bt_0010,GM_RM017,oty1t_obj_GM_RM017_bytetrack_bt_0010,335,-5;-4;-3;-2;-1;0;1;2;3;4;5,yes,1,1,yes,197.19,up,unavailable,no,no,no,uncertain,uncertain,"Existing probe provides -5..+5, not full -10/+10. Temporal drift is posthoc mechanism support, not identity truth."
PAIR_GM_RM017_o161_s336_oty1t_obj_GM_RM017_bytetrack_bt_0008,GM_RM017,oty1t_obj_GM_RM017_bytetrack_bt_0008,336,-5;-4;-3;-2;-1;0;1;2;3;4;5,yes,1,1,yes,56.189,left,unavailable,no,no,no,uncertain,uncertain,"Existing probe provides -5..+5, not full -10/+10. Temporal drift is posthoc mechanism support, not identity truth."
PAIR_GM_RM017_o161_s336_oty1t_obj_GM_RM017_bytetrack_bt_0010,GM_RM017,oty1t_obj_GM_RM017_bytetrack_bt_0010,336,-5;-4;-3;-2;-1;0;1;2;3;4;5,yes,1,1,yes,224.859,right,unavailable,no,no,no,uncertain,uncertain,"Existing probe provides -5..+5, not full -10/+10. Temporal drift is posthoc mechanism support, not identity truth."
PAIR_GM_RM017_o162_s337_oty1t_obj_GM_RM017_bytetrack_bt_0008,GM_RM017,oty1t_obj_GM_RM017_bytetrack_bt_0008,337,-5;-4;-3;-2;-1;0;1;2;3;4;5,yes,1,1,yes,61.377,left,unavailable,no,no,no,uncertain,uncertain,"Existing probe provides -5..+5, not full -10/+10. Temporal drift is posthoc mechanism support, not identity truth."
PAIR_GM_RM017_o162_s337_oty1t_obj_GM_RM017_bytetrack_bt_0010,GM_RM017,oty1t_obj_GM_RM017_bytetrack_bt_0010,337,-5;-4;-3;-2;-1;0;1;2;3;4;5,yes,1,1,yes,126.196,down,unavailable,no,no,no,uncertain,uncertain,"Existing probe provides -5..+5, not full -10/+10. Temporal drift is posthoc mechanism support, not identity truth."
PAIR_GM_RM017_o162_s337_oty1t_obj_GM_RM017_bytetrack_bt_0012,GM_RM017,oty1t_obj_GM_RM017_bytetrack_bt_0012,337,-5;-4;-3;-2;-1;0;1;2;3;4;5,yes,1,0.9091,yes,17.877,right,unavailable,yes,yes,no,yes,yes,"Existing probe provides -5..+5, not full -10/+10. Temporal drift is posthoc mechanism support, not identity truth."
PAIR_GM_RM017_o162_s338_oty1t_obj_GM_RM017_bytetrack_bt_0008,GM_RM017,oty1t_obj_GM_RM017_bytetrack_bt_0008,338,-5;-4;-3;-2;-1;0;1;2;3;4;5,yes,1,1,yes,57.317,left,unavailable,no,no,no,uncertain,uncertain,"Existing probe provides -5..+5, not full -10/+10. Temporal drift is posthoc mechanism support, not identity truth."
PAIR_GM_RM017_o162_s338_oty1t_obj_GM_RM017_bytetrack_bt_0010,GM_RM017,oty1t_obj_GM_RM017_bytetrack_bt_0010,338,-5;-4;-3;-2;-1;0;1;2;3;4;5,yes,1,1,yes,130.638,down,unavailable,no,no,no,uncertain,uncertain,"Existing probe provides -5..+5, not full -10/+10. Temporal drift is posthoc mechanism support, not identity truth."
PAIR_GM_RM017_o162_s338_oty1t_obj_GM_RM017_bytetrack_bt_0012,GM_RM017,oty1t_obj_GM_RM017_bytetrack_bt_0012,338,-5;-4;-3;-2;-1;0;1;2;3;4;5,yes,1,0.9091,yes,29.955,right,unavailable,yes,yes,no,yes,yes,"Existing probe provides -5..+5, not full -10/+10. Temporal drift is posthoc mechanism support, not identity truth."
PAIR_GM_RM017_o163_s339_oty1t_obj_GM_RM017_bytetrack_bt_0008,GM_RM017,oty1t_obj_GM_RM017_bytetrack_bt_0008,339,-5;-4;-3;-2;-1;0;1;2;3;4;5,yes,1,1,yes,60.283,left,unavailable,no,no,no,uncertain,uncertain,"Existing probe provides -5..+5, not full -10/+10. Temporal drift is posthoc mechanism support, not identity truth."
PAIR_GM_RM017_o163_s339_oty1t_obj_GM_RM017_bytetrack_bt_0010,GM_RM017,oty1t_obj_GM_RM017_bytetrack_bt_0010,339,-5;-4;-3;-2;-1;0;1;2;3;4;5,yes,1,1,yes,71.013,right,unavailable,no,no,no,uncertain,uncertain,"Existing probe provides -5..+5, not full -10/+10. Temporal drift is posthoc mechanism support, not identity truth."
PAIR_GM_RM017_o163_s339_oty1t_obj_GM_RM017_bytetrack_bt_0012,GM_RM017,oty1t_obj_GM_RM017_bytetrack_bt_0012,339,-5;-4;-3;-2;-1;0;1;2;3;4;5,yes,1,0.9091,yes,36.235,right,unavailable,yes,yes,no,yes,yes,"Existing probe provides -5..+5, not full -10/+10. Temporal drift is posthoc mechanism support, not identity truth."
PAIR_GM_RM017_o163_s340_oty1t_obj_GM_RM017_bytetrack_bt_0008,GM_RM017,oty1t_obj_GM_RM017_bytetrack_bt_0008,340,-5;-4;-3;-2;-1;0;1;2;3;4;5,yes,1,0.9091,yes,61.465,left,unavailable,no,no,no,uncertain,uncertain,"Existing probe provides -5..+5, not full -10/+10. Temporal drift is posthoc mechanism support, not identity truth."
PAIR_GM_RM017_o163_s340_oty1t_obj_GM_RM017_bytetrack_bt_0010,GM_RM017,oty1t_obj_GM_RM017_bytetrack_bt_0010,340,-5;-4;-3;-2;-1;0;1;2;3;4;5,yes,1,1,yes,119.942,down,unavailable,no,no,no,uncertain,uncertain,"Existing probe provides -5..+5, not full -10/+10. Temporal drift is posthoc mechanism support, not identity truth."
PAIR_GM_RM017_o163_s340_oty1t_obj_GM_RM017_bytetrack_bt_0012,GM_RM017,oty1t_obj_GM_RM017_bytetrack_bt_0012,340,-5;-4;-3;-2;-1;0;1;2;3;4;5,yes,1,0.9091,yes,12.469,right_down,unavailable,yes,yes,no,yes,yes,"Existing probe provides -5..+5, not full -10/+10. Temporal drift is posthoc mechanism support, not identity truth."
PAIR_GM_RM017_o164_s341_oty1t_obj_GM_RM017_bytetrack_bt_0008,GM_RM017,oty1t_obj_GM_RM017_bytetrack_bt_0008,341,-5;-4;-3;-2;-1;0;1;2;3;4;5,yes,1,0.8182,yes,69.757,left,unavailable,no,no,no,uncertain,uncertain,"Existing probe provides -5..+5, not full -10/+10. Temporal drift is posthoc mechanism support, not identity truth."
PAIR_GM_RM017_o164_s341_oty1t_obj_GM_RM017_bytetrack_bt_0010,GM_RM017,oty1t_obj_GM_RM017_bytetrack_bt_0010,341,-5;-4;-3;-2;-1;0;1;2;3;4;5,yes,1,1,yes,67.219,right,unavailable,no,no,no,uncertain,uncertain,"Existing probe provides -5..+5, not full -10/+10. Temporal drift is posthoc mechanism support, not identity truth."
PAIR_GM_RM017_o164_s341_oty1t_obj_GM_RM017_bytetrack_bt_0012,GM_RM017,oty1t_obj_GM_RM017_bytetrack_bt_0012,341,-5;-4;-3;-2;-1;0;1;2;3;4;5,yes,1,1,yes,28.745,right,unavailable,yes,yes,no,yes,yes,"Existing probe provides -5..+5, not full -10/+10. Temporal drift is posthoc mechanism support, not identity truth."
PAIR_GM_RM017_o164_s342_oty1t_obj_GM_RM017_bytetrack_bt_0008,GM_RM017,oty1t_obj_GM_RM017_bytetrack_bt_0008,342,-5;-4;-3;-2;-1;0;1;2;3;4;5,yes,1,0.8182,yes,76.176,left,unavailable,no,no,no,uncertain,uncertain,"Existing probe provides -5..+5, not full -10/+10. Temporal drift is posthoc mechanism support, not identity truth."
PAIR_GM_RM017_o164_s342_oty1t_obj_GM_RM017_bytetrack_bt_0010,GM_RM017,oty1t_obj_GM_RM017_bytetrack_bt_0010,342,-5;-4;-3;-2;-1;0;1;2;3;4;5,yes,1,1,yes,127.786,down,unavailable,no,no,no,uncertain,uncertain,"Existing probe provides -5..+5, not full -10/+10. Temporal drift is posthoc mechanism support, not identity truth."
PAIR_GM_RM017_o164_s342_oty1t_obj_GM_RM017_bytetrack_bt_0012,GM_RM017,oty1t_obj_GM_RM017_bytetrack_bt_0012,342,-5;-4;-3;-2;-1;0;1;2;3;4;5,yes,1,1,yes,24.161,right,unavailable,yes,yes,no,yes,yes,"Existing probe provides -5..+5, not full -10/+10. Temporal drift is posthoc mechanism support, not identity truth."
PAIR_GM_RM017_o165_s343_oty1t_obj_GM_RM017_bytetrack_bt_0008,GM_RM017,oty1t_obj_GM_RM017_bytetrack_bt_0008,343,-5;-4;-3;-2;-1;0;1;2;3;4;5,yes,1,0.8182,yes,80.312,left,unavailable,yes,yes,no,yes,yes,"Existing probe provides -5..+5, not full -10/+10. Temporal drift is posthoc mechanism support, not identity truth."
PAIR_GM_RM017_o165_s343_oty1t_obj_GM_RM017_bytetrack_bt_0010,GM_RM017,oty1t_obj_GM_RM017_bytetrack_bt_0010,343,-5;-4;-3;-2;-1;0;1;2;3;4;5,yes,1,1,yes,60.928,right,unavailable,yes,yes,no,yes,yes,"Existing probe provides -5..+5, not full -10/+10. Temporal drift is posthoc mechanism support, not identity truth."
PAIR_GM_RM017_o165_s343_oty1t_obj_GM_RM017_bytetrack_bt_0012,GM_RM017,oty1t_obj_GM_RM017_bytetrack_bt_0012,343,-5;-4;-3;-2;-1;0;1;2;3;4;5,yes,1,1,yes,24.565,right,unavailable,yes,yes,no,yes,yes,"Existing probe provides -5..+5, not full -10/+10. Temporal drift is posthoc mechanism support, not identity truth."
PAIR_GM_RM017_o165_s344_oty1t_obj_GM_RM017_bytetrack_bt_0008,GM_RM017,oty1t_obj_GM_RM017_bytetrack_bt_0008,344,-5;-4;-3;-2;-1;0;1;2;3;4;5,yes,1,0.8182,yes,14.277,left,unavailable,yes,yes,no,yes,yes,"Existing probe provides -5..+5, not full -10/+10. Temporal drift is posthoc mechanism support, not identity truth."
PAIR_GM_RM017_o165_s344_oty1t_obj_GM_RM017_bytetrack_bt_0010,GM_RM017,oty1t_obj_GM_RM017_bytetrack_bt_0010,344,-5;-4;-3;-2;-1;0;1;2;3;4;5,yes,1,1,yes,61.923,right,unavailable,yes,yes,no,yes,yes,"Existing probe provides -5..+5, not full -10/+10. Temporal drift is posthoc mechanism support, not identity truth."
PAIR_GM_RM017_o165_s344_oty1t_obj_GM_RM017_bytetrack_bt_0012,GM_RM017,oty1t_obj_GM_RM017_bytetrack_bt_0012,344,-5;-4;-3;-2;-1;0;1;2;3;4;5,yes,1,1,yes,20.483,right,unavailable,yes,yes,no,yes,yes,"Existing probe provides -5..+5, not full -10/+10. Temporal drift is posthoc mechanism support, not identity truth."
PAIR_GM_RM017_o166_s345_oty1t_obj_GM_RM017_bytetrack_bt_0008,GM_RM017,oty1t_obj_GM_RM017_bytetrack_bt_0008,345,-5;-4;-3;-2;-1;0;1;2;3;4;5,yes,1,0.8182,yes,19.381,left,unavailable,yes,yes,no,yes,yes,"Existing probe provides -5..+5, not full -10/+10. Temporal drift is posthoc mechanism support, not identity truth."
PAIR_GM_RM017_o166_s345_oty1t_obj_GM_RM017_bytetrack_bt_0010,GM_RM017,oty1t_obj_GM_RM017_bytetrack_bt_0010,345,-5;-4;-3;-2;-1;0;1;2;3;4;5,yes,1,1,yes,67.973,right,unavailable,yes,yes,no,yes,yes,"Existing probe provides -5..+5, not full -10/+10. Temporal drift is posthoc mechanism support, not identity truth."
PAIR_GM_RM017_o166_s345_oty1t_obj_GM_RM017_bytetrack_bt_0012,GM_RM017,oty1t_obj_GM_RM017_bytetrack_bt_0012,345,-5;-4;-3;-2;-1;0;1;2;3;4;5,yes,1,0.8182,yes,25.386,right,unavailable,yes,yes,no,yes,yes,"Existing probe provides -5..+5, not full -10/+10. Temporal drift is posthoc mechanism support, not identity truth."
PAIR_GM_RM017_o166_s346_oty1t_obj_GM_RM017_bytetrack_bt_0008,GM_RM017,oty1t_obj_GM_RM017_bytetrack_bt_0008,346,-5;-4;-3;-2;-1;0;1;2;3;4;5,yes,1,0.8182,yes,102.983,left_up,unavailable,no,no,no,uncertain,uncertain,"Existing probe provides -5..+5, not full -10/+10. Temporal drift is posthoc mechanism support, not identity truth."
PAIR_GM_RM017_o166_s346_oty1t_obj_GM_RM017_bytetrack_bt_0010,GM_RM017,oty1t_obj_GM_RM017_bytetrack_bt_0010,346,-5;-4;-3;-2;-1;0;1;2;3;4;5,yes,1,1,yes,65.423,right,unavailable,yes,yes,no,yes,yes,"Existing probe provides -5..+5, not full -10/+10. Temporal drift is posthoc mechanism support, not identity truth."
PAIR_GM_RM017_o166_s346_oty1t_obj_GM_RM017_bytetrack_bt_0012,GM_RM017,oty1t_obj_GM_RM017_bytetrack_bt_0012,346,-5;-4;-3;-2;-1;0;1;2;3;4;5,yes,1,0.8182,yes,23.71,right,unavailable,yes,yes,no,yes,yes,"Existing probe provides -5..+5, not full -10/+10. Temporal drift is posthoc mechanism support, not identity truth."
PAIR_GM_RM017_o167_s347_oty1t_obj_GM_RM017_bytetrack_bt_0008,GM_RM017,oty1t_obj_GM_RM017_bytetrack_bt_0008,347,-5;-4;-3;-2;-1;0;1;2;3;4;5,yes,1,0.8182,yes,96.869,left_up,unavailable,no,no,no,uncertain,uncertain,"Existing probe provides -5..+5, not full -10/+10. Temporal drift is posthoc mechanism support, not identity truth."
PAIR_GM_RM017_o167_s347_oty1t_obj_GM_RM017_bytetrack_bt_0010,GM_RM017,oty1t_obj_GM_RM017_bytetrack_bt_0010,347,-5;-4;-3;-2;-1;0;1;2;3;4;5,yes,1,1,yes,66.036,right,unavailable,yes,yes,no,yes,yes,"Existing probe provides -5..+5, not full -10/+10. Temporal drift is posthoc mechanism support, not identity truth."
PAIR_GM_RM017_o167_s347_oty1t_obj_GM_RM017_bytetrack_bt_0012,GM_RM017,oty1t_obj_GM_RM017_bytetrack_bt_0012,347,-5;-4;-3;-2;-1;0;1;2;3;4;5,yes,1,0.8182,yes,23.656,right,unavailable,yes,yes,no,yes,yes,"Existing probe provides -5..+5, not full -10/+10. Temporal drift is posthoc mechanism support, not identity truth."
PAIR_GM_RM017_o167_s348_oty1t_obj_GM_RM017_bytetrack_bt_0008,GM_RM017,oty1t_obj_GM_RM017_bytetrack_bt_0008,348,-5;-4;-3;-2;-1;0;1;2;3;4;5,yes,1,0.8182,yes,98.63,left_up,unavailable,no,no,no,uncertain,uncertain,"Existing probe provides -5..+5, not full -10/+10. Temporal drift is posthoc mechanism support, not identity truth."
PAIR_GM_RM017_o167_s348_oty1t_obj_GM_RM017_bytetrack_bt_0010,GM_RM017,oty1t_obj_GM_RM017_bytetrack_bt_0010,348,-5;-4;-3;-2;-1;0;1;2;3;4;5,yes,1,1,yes,61.477,right,unavailable,yes,yes,no,yes,yes,"Existing probe provides -5..+5, not full -10/+10. Temporal drift is posthoc mechanism support, not identity truth."
PAIR_GM_RM017_o167_s348_oty1t_obj_GM_RM017_bytetrack_bt_0012,GM_RM017,oty1t_obj_GM_RM017_bytetrack_bt_0012,348,-5;-4;-3;-2;-1;0;1;2;3;4;5,yes,1,0.8182,yes,18.863,right,unavailable,yes,yes,no,yes,yes,"Existing probe provides -5..+5, not full -10/+10. Temporal drift is posthoc mechanism support, not identity truth."
PAIR_GM_RM017_o168_s349_oty1t_obj_GM_RM017_bytetrack_bt_0008,GM_RM017,oty1t_obj_GM_RM017_bytetrack_bt_0008,349,-5;-4;-3;-2;-1;0;1;2;3;4;5,yes,1,0.8182,yes,53.538,right,unavailable,no,no,no,uncertain,uncertain,"Existing probe provides -5..+5, not full -10/+10. Temporal drift is posthoc mechanism support, not identity truth."
PAIR_GM_RM017_o168_s349_oty1t_obj_GM_RM017_bytetrack_bt_0010,GM_RM017,oty1t_obj_GM_RM017_bytetrack_bt_0010,349,-5;-4;-3;-2;-1;0;1;2;3;4;5,yes,1,1,yes,58.38,right,unavailable,yes,yes,no,yes,yes,"Existing probe provides -5..+5, not full -10/+10. Temporal drift is posthoc mechanism support, not identity truth."
PAIR_GM_RM017_o168_s349_oty1t_obj_GM_RM017_bytetrack_bt_0012,GM_RM017,oty1t_obj_GM_RM017_bytetrack_bt_0012,349,-5;-4;-3;-2;-1;0;1;2;3;4;5,yes,1,0.7273,yes,16.272,right,unavailable,yes,yes,no,yes,yes,"Existing probe provides -5..+5, not full -10/+10. Temporal drift is posthoc mechanism support, not identity truth."
PAIR_GM_RM017_o168_s350_oty1t_obj_GM_RM017_bytetrack_bt_0008,GM_RM017,oty1t_obj_GM_RM017_bytetrack_bt_0008,350,-5;-4;-3;-2;-1;0;1;2;3;4;5,yes,1,0.8182,yes,187.328,up,unavailable,no,no,no,uncertain,uncertain,"Existing probe provides -5..+5, not full -10/+10. Temporal drift is posthoc mechanism support, not identity truth."
PAIR_GM_RM017_o168_s350_oty1t_obj_GM_RM017_bytetrack_bt_0010,GM_RM017,oty1t_obj_GM_RM017_bytetrack_bt_0010,350,-5;-4;-3;-2;-1;0;1;2;3;4;5,yes,1,1,yes,51.842,right,unavailable,yes,yes,no,yes,yes,"Existing probe provides -5..+5, not full -10/+10. Temporal drift is posthoc mechanism support, not identity truth."
PAIR_GM_RM017_o168_s350_oty1t_obj_GM_RM017_bytetrack_bt_0012,GM_RM017,oty1t_obj_GM_RM017_bytetrack_bt_0012,350,-5;-4;-3;-2;-1;0;1;2;3;4;5,yes,1,0.6364,yes,15.63,right,unavailable,yes,yes,no,yes,yes,"Existing probe provides -5..+5, not full -10/+10. Temporal drift is posthoc mechanism support, not identity truth."
PAIR_GM_RM017_o168_s351_oty1t_obj_GM_RM017_bytetrack_bt_0008,GM_RM017,oty1t_obj_GM_RM017_bytetrack_bt_0008,351,-5;-4;-3;-2;-1;0;1;2;3;4;5,yes,1,0.9091,yes,95.253,left_up,unavailable,no,no,no,uncertain,uncertain,"Existing probe provides -5..+5, not full -10/+10. Temporal drift is posthoc mechanism support, not identity truth."
PAIR_GM_RM017_o168_s351_oty1t_obj_GM_RM017_bytetrack_bt_0010,GM_RM017,oty1t_obj_GM_RM017_bytetrack_bt_0010,351,-5;-4;-3;-2;-1;0;1;2;3;4;5,yes,1,1,yes,48.272,right,unavailable,yes,yes,no,yes,yes,"Existing probe provides -5..+5, not full -10/+10. Temporal drift is posthoc mechanism support, not identity truth."
PAIR_GM_RM017_o168_s351_oty1t_obj_GM_RM017_bytetrack_bt_0012,GM_RM017,oty1t_obj_GM_RM017_bytetrack_bt_0012,351,-5;-4;-3;-2;-1;0;1;2;3;4;5,yes,1,0.6364,yes,235.099,up,unavailable,no,no,no,uncertain,uncertain,"Existing probe provides -5..+5, not full -10/+10. Temporal drift is posthoc mechanism support, not identity truth."
PAIR_GM_RM017_o169_s352_oty1t_obj_GM_RM017_bytetrack_bt_0008,GM_RM017,oty1t_obj_GM_RM017_bytetrack_bt_0008,352,-5;-4;-3;-2;-1;0;1;2;3;4;5,yes,1,1,yes,92.284,left_up,unavailable,no,no,no,uncertain,uncertain,"Existing probe provides -5..+5, not full -10/+10. Temporal drift is posthoc mechanism support, not identity truth."
PAIR_GM_RM017_o169_s352_oty1t_obj_GM_RM017_bytetrack_bt_0010,GM_RM017,oty1t_obj_GM_RM017_bytetrack_bt_0010,352,-5;-4;-3;-2;-1;0;1;2;3;4;5,yes,1,1,yes,57.183,right,unavailable,yes,yes,no,yes,yes,"Existing probe provides -5..+5, not full -10/+10. Temporal drift is posthoc mechanism support, not identity truth."
PAIR_GM_RM017_o169_s352_oty1t_obj_GM_RM017_bytetrack_bt_0012,GM_RM017,oty1t_obj_GM_RM017_bytetrack_bt_0012,352,-5;-4;-3;-2;-1;0;1;2;3;4;5,yes,1,0.8182,yes,87.4,left_up,unavailable,no,no,no,uncertain,uncertain,"Existing probe provides -5..+5, not full -10/+10. Temporal drift is posthoc mechanism support, not identity truth."
PAIR_GM_RM017_o169_s353_oty1t_obj_GM_RM017_bytetrack_bt_0008,GM_RM017,oty1t_obj_GM_RM017_bytetrack_bt_0008,353,-5;-4;-3;-2;-1;0;1;2;3;4;5,yes,1,1,yes,98.225,left_up,unavailable,no,no,no,uncertain,uncertain,"Existing probe provides -5..+5, not full -10/+10. Temporal drift is posthoc mechanism support, not identity truth."
PAIR_GM_RM017_o169_s353_oty1t_obj_GM_RM017_bytetrack_bt_0010,GM_RM017,oty1t_obj_GM_RM017_bytetrack_bt_0010,353,-5;-4;-3;-2;-1;0;1;2;3;4;5,yes,1,1,yes,53.093,right,unavailable,yes,yes,no,yes,yes,"Existing probe provides -5..+5, not full -10/+10. Temporal drift is posthoc mechanism support, not identity truth."
PAIR_GM_RM017_o169_s353_oty1t_obj_GM_RM017_bytetrack_bt_0012,GM_RM017,oty1t_obj_GM_RM017_bytetrack_bt_0012,353,-5;-4;-3;-2;-1;0;1;2;3;4;5,yes,1,0.9091,yes,83.143,up,unavailable,no,no,no,uncertain,uncertain,"Existing probe provides -5..+5, not full -10/+10. Temporal drift is posthoc mechanism support, not identity truth."
PAIR_GM_RM017_o170_s354_oty1t_obj_GM_RM017_bytetrack_bt_0008,GM_RM017,oty1t_obj_GM_RM017_bytetrack_bt_0008,354,-5;-4;-3;-2;-1;0;1;2;3;4;5,yes,1,1,yes,246.941,left,unavailable,no,no,no,uncertain,uncertain,"Existing probe provides -5..+5, not full -10/+10. Temporal drift is posthoc mechanism support, not identity truth."
PAIR_GM_RM017_o170_s354_oty1t_obj_GM_RM017_bytetrack_bt_0010,GM_RM017,oty1t_obj_GM_RM017_bytetrack_bt_0010,354,-5;-4;-3;-2;-1;0;1;2;3;4;5,yes,1,1,yes,87.359,left_up,unavailable,no,no,no,uncertain,uncertain,"Existing probe provides -5..+5, not full -10/+10. Temporal drift is posthoc mechanism support, not identity truth."
PAIR_GM_RM017_o170_s354_oty1t_obj_GM_RM017_bytetrack_bt_0012,GM_RM017,oty1t_obj_GM_RM017_bytetrack_bt_0012,354,-5;-4;-3;-2;-1;0;1;2;3;4;5,yes,1,0.7273,yes,18.443,right,unavailable,yes,yes,no,yes,yes,"Existing probe provides -5..+5, not full -10/+10. Temporal drift is posthoc mechanism support, not identity truth."
PAIR_GM_RM017_o170_s355_oty1t_obj_GM_RM017_bytetrack_bt_0008,GM_RM017,oty1t_obj_GM_RM017_bytetrack_bt_0008,355,-5;-4;-3;-2;-1;0;1;2;3;4;5,yes,1,1,yes,102.927,left_up,unavailable,no,no,no,uncertain,uncertain,"Existing probe provides -5..+5, not full -10/+10. Temporal drift is posthoc mechanism support, not identity truth."
PAIR_GM_RM017_o170_s355_oty1t_obj_GM_RM017_bytetrack_bt_0010,GM_RM017,oty1t_obj_GM_RM017_bytetrack_bt_0010,355,-5;-4;-3;-2;-1;0;1;2;3;4;5,yes,1,1,yes,49.945,right,unavailable,no,no,no,uncertain,uncertain,"Existing probe provides -5..+5, not full -10/+10. Temporal drift is posthoc mechanism support, not identity truth."
PAIR_GM_RM017_o170_s355_oty1t_obj_GM_RM017_bytetrack_bt_0012,GM_RM017,oty1t_obj_GM_RM017_bytetrack_bt_0012,355,-5;-4;-3;-2;-1;0;1;2;3;4;5,yes,1,0.6364,yes,12.229,right,unavailable,yes,yes,no,yes,yes,"Existing probe provides -5..+5, not full -10/+10. Temporal drift is posthoc mechanism support, not identity truth."
PAIR_GM_RM017_o171_s356_oty1t_obj_GM_RM017_bytetrack_bt_0008,GM_RM017,oty1t_obj_GM_RM017_bytetrack_bt_0008,356,-5;-4;-3;-2;-1;0;1;2;3;4;5,yes,1,1,yes,229.213,left,unavailable,no,no,no,uncertain,uncertain,"Existing probe provides -5..+5, not full -10/+10. Temporal drift is posthoc mechanism support, not identity truth."
PAIR_GM_RM017_o171_s356_oty1t_obj_GM_RM017_bytetrack_bt_0010,GM_RM017,oty1t_obj_GM_RM017_bytetrack_bt_0010,356,-5;-4;-3;-2;-1;0;1;2;3;4;5,yes,1,0.9091,yes,44.597,right,unavailable,yes,yes,no,yes,yes,"Existing probe provides -5..+5, not full -10/+10. Temporal drift is posthoc mechanism support, not identity truth."
PAIR_GM_RM017_o171_s356_oty1t_obj_GM_RM017_bytetrack_bt_0012,GM_RM017,oty1t_obj_GM_RM017_bytetrack_bt_0012,356,-5;-4;-3;-2;-1;0;1;2;3;4;5,yes,1,0.9091,yes,72.399,right,unavailable,no,no,no,uncertain,uncertain,"Existing probe provides -5..+5, not full -10/+10. Temporal drift is posthoc mechanism support, not identity truth."
PAIR_GM_RM017_o171_s357_oty1t_obj_GM_RM017_bytetrack_bt_0008,GM_RM017,oty1t_obj_GM_RM017_bytetrack_bt_0008,357,-5;-4;-3;-2;-1;0;1;2;3;4;5,yes,1,1,yes,93.998,left_up,unavailable,no,no,no,uncertain,uncertain,"Existing probe provides -5..+5, not full -10/+10. Temporal drift is posthoc mechanism support, not identity truth."
PAIR_GM_RM017_o171_s357_oty1t_obj_GM_RM017_bytetrack_bt_0010,GM_RM017,oty1t_obj_GM_RM017_bytetrack_bt_0010,357,-5;-4;-3;-2;-1;0;1;2;3;4;5,yes,1,0.9091,yes,36.807,right,unavailable,yes,yes,no,yes,yes,"Existing probe provides -5..+5, not full -10/+10. Temporal drift is posthoc mechanism support, not identity truth."
PAIR_GM_RM017_o171_s357_oty1t_obj_GM_RM017_bytetrack_bt_0012,GM_RM017,oty1t_obj_GM_RM017_bytetrack_bt_0012,357,-5;-4;-3;-2;-1;0;1;2;3;4;5,yes,1,0.9091,yes,26.363,right,unavailable,no,no,no,uncertain,uncertain,"Existing probe provides -5..+5, not full -10/+10. Temporal drift is posthoc mechanism support, not identity truth."
PAIR_GM_RM017_o172_s358_oty1t_obj_GM_RM017_bytetrack_bt_0008,GM_RM017,oty1t_obj_GM_RM017_bytetrack_bt_0008,358,-5;-4;-3;-2;-1;0;1;2;3;4;5,yes,1,0.7273,yes,233.078,left,unavailable,no,no,no,uncertain,uncertain,"Existing probe provides -5..+5, not full -10/+10. Temporal drift is posthoc mechanism support, not identity truth."
PAIR_GM_RM017_o172_s358_oty1t_obj_GM_RM017_bytetrack_bt_0010,GM_RM017,oty1t_obj_GM_RM017_bytetrack_bt_0010,358,-5;-4;-3;-2;-1;0;1;2;3;4;5,yes,1,0.9091,yes,42.255,right,unavailable,yes,yes,no,yes,yes,"Existing probe provides -5..+5, not full -10/+10. Temporal drift is posthoc mechanism support, not identity truth."
PAIR_GM_RM017_o172_s358_oty1t_obj_GM_RM017_bytetrack_bt_0012,GM_RM017,oty1t_obj_GM_RM017_bytetrack_bt_0012,358,-5;-4;-3;-2;-1;0;1;2;3;4;5,yes,1,0.8182,yes,110.976,right,unavailable,no,no,no,uncertain,uncertain,"Existing probe provides -5..+5, not full -10/+10. Temporal drift is posthoc mechanism support, not identity truth."
PAIR_GM_RM017_o172_s359_oty1t_obj_GM_RM017_bytetrack_bt_0008,GM_RM017,oty1t_obj_GM_RM017_bytetrack_bt_0008,359,-5;-4;-3;-2;-1;0;1;2;3;4;5,yes,1,0.7273,yes,301.903,left,unavailable,no,no,no,uncertain,uncertain,"Existing probe provides -5..+5, not full -10/+10. Temporal drift is posthoc mechanism support, not identity truth."
PAIR_GM_RM017_o172_s359_oty1t_obj_GM_RM017_bytetrack_bt_0010,GM_RM017,oty1t_obj_GM_RM017_bytetrack_bt_0010,359,-5;-4;-3;-2;-1;0;1;2;3;4;5,yes,1,0.9091,yes,42.877,right,unavailable,yes,yes,no,yes,yes,"Existing probe provides -5..+5, not full -10/+10. Temporal drift is posthoc mechanism support, not identity truth."
PAIR_GM_RM017_o172_s359_oty1t_obj_GM_RM017_bytetrack_bt_0012,GM_RM017,oty1t_obj_GM_RM017_bytetrack_bt_0012,359,-5;-4;-3;-2;-1;0;1;2;3;4;5,yes,1,0.8182,yes,113.262,right,unavailable,no,no,no,uncertain,uncertain,"Existing probe provides -5..+5, not full -10/+10. Temporal drift is posthoc mechanism support, not identity truth."
PAIR_GM_RM017_o173_s360_oty1t_obj_GM_RM017_bytetrack_bt_0008,GM_RM017,oty1t_obj_GM_RM017_bytetrack_bt_0008,360,-5;-4;-3;-2;-1;0;1;2;3;4;5,yes,1,0.3636,yes,296.684,left,unavailable,no,no,no,uncertain,uncertain,"Existing probe provides -5..+5, not full -10/+10. Temporal drift is posthoc mechanism support, not identity truth."
PAIR_GM_RM017_o173_s360_oty1t_obj_GM_RM017_bytetrack_bt_0010,GM_RM017,oty1t_obj_GM_RM017_bytetrack_bt_0010,360,-5;-4;-3;-2;-1;0;1;2;3;4;5,yes,1,1,yes,45.824,right,unavailable,yes,yes,no,yes,yes,"Existing probe provides -5..+5, not full -10/+10. Temporal drift is posthoc mechanism support, not identity truth."
PAIR_GM_RM017_o173_s360_oty1t_obj_GM_RM017_bytetrack_bt_0012,GM_RM017,oty1t_obj_GM_RM017_bytetrack_bt_0012,360,-5;-4;-3;-2;-1;0;1;2;3;4;5,yes,1,0.7273,yes,26.667,right,unavailable,no,no,no,uncertain,uncertain,"Existing probe provides -5..+5, not full -10/+10. Temporal drift is posthoc mechanism support, not identity truth."
PAIR_GM_RM017_o173_s361_oty1t_obj_GM_RM017_bytetrack_bt_0008,GM_RM017,oty1t_obj_GM_RM017_bytetrack_bt_0008,361,-5;-4;-3;-2;-1;0;1;2;3;4;5,yes,1,0.4545,yes,301.414,left,unavailable,no,no,no,uncertain,uncertain,"Existing probe provides -5..+5, not full -10/+10. Temporal drift is posthoc mechanism support, not identity truth."
PAIR_GM_RM017_o173_s361_oty1t_obj_GM_RM017_bytetrack_bt_0010,GM_RM017,oty1t_obj_GM_RM017_bytetrack_bt_0010,361,-5;-4;-3;-2;-1;0;1;2;3;4;5,yes,1,1,yes,46.338,right,unavailable,yes,yes,no,yes,yes,"Existing probe provides -5..+5, not full -10/+10. Temporal drift is posthoc mechanism support, not identity truth."
PAIR_GM_RM017_o173_s361_oty1t_obj_GM_RM017_bytetrack_bt_0012,GM_RM017,oty1t_obj_GM_RM017_bytetrack_bt_0012,361,-5;-4;-3;-2;-1;0;1;2;3;4;5,yes,1,0.8182,yes,27.483,right,unavailable,no,no,no,uncertain,uncertain,"Existing probe provides -5..+5, not full -10/+10. Temporal drift is posthoc mechanism support, not identity truth."
PAIR_GM_RM017_o174_s362_oty1t_obj_GM_RM017_bytetrack_bt_0008,GM_RM017,oty1t_obj_GM_RM017_bytetrack_bt_0008,362,-5;-4;-3;-2;-1;0;1;2;3;4;5,yes,1,0.5455,yes,298.291,left,unavailable,no,no,no,uncertain,uncertain,"Existing probe provides -5..+5, not full -10/+10. Temporal drift is posthoc mechanism support, not identity truth."
PAIR_GM_RM017_o174_s362_oty1t_obj_GM_RM017_bytetrack_bt_0010,GM_RM017,oty1t_obj_GM_RM017_bytetrack_bt_0010,362,-5;-4;-3;-2;-1;0;1;2;3;4;5,yes,1,0.9091,yes,50.491,right,unavailable,yes,yes,no,yes,yes,"Existing probe provides -5..+5, not full -10/+10. Temporal drift is posthoc mechanism support, not identity truth."
PAIR_GM_RM017_o174_s362_oty1t_obj_GM_RM017_bytetrack_bt_0012,GM_RM017,oty1t_obj_GM_RM017_bytetrack_bt_0012,362,-5;-4;-3;-2;-1;0;1;2;3;4;5,yes,1,0.8182,yes,129.94,right,unavailable,no,no,no,uncertain,uncertain,"Existing probe provides -5..+5, not full -10/+10. Temporal drift is posthoc mechanism support, not identity truth."
PAIR_GM_RM017_o174_s363_oty1t_obj_GM_RM017_bytetrack_bt_0008,GM_RM017,oty1t_obj_GM_RM017_bytetrack_bt_0008,363,-5;-4;-3;-2;-1;0;1;2;3;4;5,yes,1,0.5455,yes,308.272,left,unavailable,no,no,no,uncertain,uncertain,"Existing probe provides -5..+5, not full -10/+10. Temporal drift is posthoc mechanism support, not identity truth."
PAIR_GM_RM017_o174_s363_oty1t_obj_GM_RM017_bytetrack_bt_0010,GM_RM017,oty1t_obj_GM_RM017_bytetrack_bt_0010,363,-5;-4;-3;-2;-1;0;1;2;3;4;5,yes,1,0.9091,yes,46.636,right,unavailable,yes,yes,no,yes,yes,"Existing probe provides -5..+5, not full -10/+10. Temporal drift is posthoc mechanism support, not identity truth."
PAIR_GM_RM017_o174_s363_oty1t_obj_GM_RM017_bytetrack_bt_0012,GM_RM017,oty1t_obj_GM_RM017_bytetrack_bt_0012,363,-5;-4;-3;-2;-1;0;1;2;3;4;5,yes,1,0.8182,yes,53.484,right,unavailable,yes,yes,no,yes,yes,"Existing probe provides -5..+5, not full -10/+10. Temporal drift is posthoc mechanism support, not identity truth."
PAIR_GM_RM017_o175_s364_oty1t_obj_GM_RM017_bytetrack_bt_0008,GM_RM017,oty1t_obj_GM_RM017_bytetrack_bt_0008,364,-5;-4;-3;-2;-1;0;1;2;3;4;5,yes,1,0.6364,yes,286.052,left,unavailable,no,no,no,uncertain,uncertain,"Existing probe provides -5..+5, not full -10/+10. Temporal drift is posthoc mechanism support, not identity truth."
PAIR_GM_RM017_o175_s364_oty1t_obj_GM_RM017_bytetrack_bt_0010,GM_RM017,oty1t_obj_GM_RM017_bytetrack_bt_0010,364,-5;-4;-3;-2;-1;0;1;2;3;4;5,yes,1,1,yes,49.336,right,unavailable,yes,yes,no,yes,yes,"Existing probe provides -5..+5, not full -10/+10. Temporal drift is posthoc mechanism support, not identity truth."
PAIR_GM_RM017_o175_s364_oty1t_obj_GM_RM017_bytetrack_bt_0012,GM_RM017,oty1t_obj_GM_RM017_bytetrack_bt_0012,364,-5;-4;-3;-2;-1;0;1;2;3;4;5,yes,1,0.9091,yes,38.297,right,unavailable,yes,yes,no,yes,yes,"Existing probe provides -5..+5, not full -10/+10. Temporal drift is posthoc mechanism support, not identity truth."
PAIR_GM_RM017_o175_s365_oty1t_obj_GM_RM017_bytetrack_bt_0008,GM_RM017,oty1t_obj_GM_RM017_bytetrack_bt_0008,365,-5;-4;-3;-2;-1;0;1;2;3;4;5,yes,1,0.7273,yes,314.274,left,unavailable,no,no,no,uncertain,uncertain,"Existing probe provides -5..+5, not full -10/+10. Temporal drift is posthoc mechanism support, not identity truth."
PAIR_GM_RM017_o175_s365_oty1t_obj_GM_RM017_bytetrack_bt_0010,GM_RM017,oty1t_obj_GM_RM017_bytetrack_bt_0010,365,-5;-4;-3;-2;-1;0;1;2;3;4;5,yes,1,1,yes,49.762,right,unavailable,yes,yes,no,yes,yes,"Existing probe provides -5..+5, not full -10/+10. Temporal drift is posthoc mechanism support, not identity truth."
PAIR_GM_RM017_o175_s365_oty1t_obj_GM_RM017_bytetrack_bt_0012,GM_RM017,oty1t_obj_GM_RM017_bytetrack_bt_0012,365,-5;-4;-3;-2;-1;0;1;2;3;4;5,yes,1,1,yes,37.711,right,unavailable,yes,yes,no,yes,yes,"Existing probe provides -5..+5, not full -10/+10. Temporal drift is posthoc mechanism support, not identity truth."
PAIR_GM_RM017_o176_s366_oty1t_obj_GM_RM017_bytetrack_bt_0008,GM_RM017,oty1t_obj_GM_RM017_bytetrack_bt_0008,366,-5;-4;-3;-2;-1;0;1;2;3;4;5,yes,1,0.8182,yes,319.811,left,unavailable,no,no,no,uncertain,uncertain,"Existing probe provides -5..+5, not full -10/+10. Temporal drift is posthoc mechanism support, not identity truth."
PAIR_GM_RM017_o176_s366_oty1t_obj_GM_RM017_bytetrack_bt_0010,GM_RM017,oty1t_obj_GM_RM017_bytetrack_bt_0010,366,-5;-4;-3;-2;-1;0;1;2;3;4;5,yes,1,1,yes,50.61,right,unavailable,yes,yes,no,yes,yes,"Existing probe provides -5..+5, not full -10/+10. Temporal drift is posthoc mechanism support, not identity truth."
PAIR_GM_RM017_o176_s366_oty1t_obj_GM_RM017_bytetrack_bt_0012,GM_RM017,oty1t_obj_GM_RM017_bytetrack_bt_0012,366,-5;-4;-3;-2;-1;0;1;2;3;4;5,yes,1,1,yes,119.981,right,unavailable,no,no,no,uncertain,uncertain,"Existing probe provides -5..+5, not full -10/+10. Temporal drift is posthoc mechanism support, not identity truth."
PAIR_GM_RM017_o176_s367_oty1t_obj_GM_RM017_bytetrack_bt_0008,GM_RM017,oty1t_obj_GM_RM017_bytetrack_bt_0008,367,-5;-4;-3;-2;-1;0;1;2;3;4;5,yes,1,0.9091,yes,322.819,left,unavailable,no,no,no,uncertain,uncertain,"Existing probe provides -5..+5, not full -10/+10. Temporal drift is posthoc mechanism support, not identity truth."
PAIR_GM_RM017_o176_s367_oty1t_obj_GM_RM017_bytetrack_bt_0010,GM_RM017,oty1t_obj_GM_RM017_bytetrack_bt_0010,367,-5;-4;-3;-2;-1;0;1;2;3;4;5,yes,1,0.9091,yes,48.151,right,unavailable,yes,yes,no,yes,yes,"Existing probe provides -5..+5, not full -10/+10. Temporal drift is posthoc mechanism support, not identity truth."
PAIR_GM_RM017_o176_s367_oty1t_obj_GM_RM017_bytetrack_bt_0012,GM_RM017,oty1t_obj_GM_RM017_bytetrack_bt_0012,367,-5;-4;-3;-2;-1;0;1;2;3;4;5,yes,1,1,yes,36.756,right,unavailable,yes,yes,no,yes,yes,"Existing probe provides -5..+5, not full -10/+10. Temporal drift is posthoc mechanism support, not identity truth."
PAIR_GM_RM017_o177_s368_oty1t_obj_GM_RM017_bytetrack_bt_0008,GM_RM017,oty1t_obj_GM_RM017_bytetrack_bt_0008,368,-5;-4;-3;-2;-1;0;1;2;3;4;5,yes,1,1,yes,319.354,left,unavailable,no,no,no,uncertain,uncertain,"Existing probe provides -5..+5, not full -10/+10. Temporal drift is posthoc mechanism support, not identity truth."
PAIR_GM_RM017_o177_s368_oty1t_obj_GM_RM017_bytetrack_bt_0010,GM_RM017,oty1t_obj_GM_RM017_bytetrack_bt_0010,368,-5;-4;-3;-2;-1;0;1;2;3;4;5,yes,1,1,yes,44.655,right,unavailable,yes,yes,no,yes,yes,"Existing probe provides -5..+5, not full -10/+10. Temporal drift is posthoc mechanism support, not identity truth."
PAIR_GM_RM017_o177_s368_oty1t_obj_GM_RM017_bytetrack_bt_0012,GM_RM017,oty1t_obj_GM_RM017_bytetrack_bt_0012,368,-5;-4;-3;-2;-1;0;1;2;3;4;5,yes,1,1,yes,77.117,right,unavailable,yes,yes,no,yes,yes,"Existing probe provides -5..+5, not full -10/+10. Temporal drift is posthoc mechanism support, not identity truth."
PAIR_GM_RM017_o177_s369_oty1t_obj_GM_RM017_bytetrack_bt_0008,GM_RM017,oty1t_obj_GM_RM017_bytetrack_bt_0008,369,-5;-4;-3;-2;-1;0;1;2;3;4;5,yes,1,1,yes,321.489,left,unavailable,no,no,no,uncertain,uncertain,"Existing probe provides -5..+5, not full -10/+10. Temporal drift is posthoc mechanism support, not identity truth."
PAIR_GM_RM017_o177_s369_oty1t_obj_GM_RM017_bytetrack_bt_0010,GM_RM017,oty1t_obj_GM_RM017_bytetrack_bt_0010,369,-5;-4;-3;-2;-1;0;1;2;3;4;5,yes,1,1,yes,38.123,right,unavailable,yes,yes,no,yes,yes,"Existing probe provides -5..+5, not full -10/+10. Temporal drift is posthoc mechanism support, not identity truth."
PAIR_GM_RM017_o177_s369_oty1t_obj_GM_RM017_bytetrack_bt_0012,GM_RM017,oty1t_obj_GM_RM017_bytetrack_bt_0012,369,-5;-4;-3;-2;-1;0;1;2;3;4;5,yes,1,1,yes,54.661,right,unavailable,yes,yes,no,yes,yes,"Existing probe provides -5..+5, not full -10/+10. Temporal drift is posthoc mechanism support, not identity truth."
PAIR_GM_RM017_o178_s370_oty1t_obj_GM_RM017_bytetrack_bt_0008,GM_RM017,oty1t_obj_GM_RM017_bytetrack_bt_0008,370,-5;-4;-3;-2;-1;0;1;2;3;4;5,yes,1,0.9091,yes,120.235,down,unavailable,no,no,no,uncertain,uncertain,"Existing probe provides -5..+5, not full -10/+10. Temporal drift is posthoc mechanism support, not identity truth."
PAIR_GM_RM017_o178_s370_oty1t_obj_GM_RM017_bytetrack_bt_0010,GM_RM017,oty1t_obj_GM_RM017_bytetrack_bt_0010,370,-5;-4;-3;-2;-1;0;1;2;3;4;5,yes,1,1,yes,38.75,right,unavailable,yes,yes,no,yes,yes,"Existing probe provides -5..+5, not full -10/+10. Temporal drift is posthoc mechanism support, not identity truth."
PAIR_GM_RM017_o178_s370_oty1t_obj_GM_RM017_bytetrack_bt_0012,GM_RM017,oty1t_obj_GM_RM017_bytetrack_bt_0012,370,-5;-4;-3;-2;-1;0;1;2;3;4;5,yes,1,1,yes,78.133,right,unavailable,yes,yes,no,yes,yes,"Existing probe provides -5..+5, not full -10/+10. Temporal drift is posthoc mechanism support, not identity truth."
PAIR_GM_RM017_o178_s371_oty1t_obj_GM_RM017_bytetrack_bt_0008,GM_RM017,oty1t_obj_GM_RM017_bytetrack_bt_0008,371,-5;-4;-3;-2;-1;0;1;2;3;4;5,yes,1,0.9091,yes,20.542,right,unavailable,no,no,no,uncertain,uncertain,"Existing probe provides -5..+5, not full -10/+10. Temporal drift is posthoc mechanism support, not identity truth."
PAIR_GM_RM017_o178_s371_oty1t_obj_GM_RM017_bytetrack_bt_0010,GM_RM017,oty1t_obj_GM_RM017_bytetrack_bt_0010,371,-5;-4;-3;-2;-1;0;1;2;3;4;5,yes,1,1,yes,36.135,right,unavailable,yes,yes,no,yes,yes,"Existing probe provides -5..+5, not full -10/+10. Temporal drift is posthoc mechanism support, not identity truth."
PAIR_GM_RM017_o178_s371_oty1t_obj_GM_RM017_bytetrack_bt_0012,GM_RM017,oty1t_obj_GM_RM017_bytetrack_bt_0012,371,-5;-4;-3;-2;-1;0;1;2;3;4;5,yes,1,1,yes,26.778,right,unavailable,yes,yes,no,yes,yes,"Existing probe provides -5..+5, not full -10/+10. Temporal drift is posthoc mechanism support, not identity truth."
PAIR_GM_RM017_o179_s372_oty1t_obj_GM_RM017_bytetrack_bt_0008,GM_RM017,oty1t_obj_GM_RM017_bytetrack_bt_0008,372,-5;-4;-3;-2;-1;0;1;2;3;4;5,yes,1,0.7273,yes,114.206,down,unavailable,no,no,no,uncertain,uncertain,"Existing probe provides -5..+5, not full -10/+10. Temporal drift is posthoc mechanism support, not identity truth."
PAIR_GM_RM017_o179_s372_oty1t_obj_GM_RM017_bytetrack_bt_0010,GM_RM017,oty1t_obj_GM_RM017_bytetrack_bt_0010,372,-5;-4;-3;-2;-1;0;1;2;3;4;5,yes,1,1,yes,43.006,right,unavailable,yes,yes,no,yes,yes,"Existing probe provides -5..+5, not full -10/+10. Temporal drift is posthoc mechanism support, not identity truth."
PAIR_GM_RM017_o179_s372_oty1t_obj_GM_RM017_bytetrack_bt_0012,GM_RM017,oty1t_obj_GM_RM017_bytetrack_bt_0012,372,-5;-4;-3;-2;-1;0;1;2;3;4;5,yes,1,1,yes,61.838,right,unavailable,yes,yes,no,yes,yes,"Existing probe provides -5..+5, not full -10/+10. Temporal drift is posthoc mechanism support, not identity truth."
PAIR_GM_RM017_o179_s373_oty1t_obj_GM_RM017_bytetrack_bt_0008,GM_RM017,oty1t_obj_GM_RM017_bytetrack_bt_0008,373,-5;-4;-3;-2;-1;0;1;2;3;4;5,yes,1,0.7273,yes,112.483,down,unavailable,no,no,no,uncertain,uncertain,"Existing probe provides -5..+5, not full -10/+10. Temporal drift is posthoc mechanism support, not identity truth."
PAIR_GM_RM017_o179_s373_oty1t_obj_GM_RM017_bytetrack_bt_0010,GM_RM017,oty1t_obj_GM_RM017_bytetrack_bt_0010,373,-5;-4;-3;-2;-1;0;1;2;3;4;5,yes,1,1,yes,41.742,right,unavailable,yes,yes,no,yes,yes,"Existing probe provides -5..+5, not full -10/+10. Temporal drift is posthoc mechanism support, not identity truth."
PAIR_GM_RM017_o179_s373_oty1t_obj_GM_RM017_bytetrack_bt_0012,GM_RM017,oty1t_obj_GM_RM017_bytetrack_bt_0012,373,-5;-4;-3;-2;-1;0;1;2;3;4;5,yes,1,1,yes,47.257,right,unavailable,yes,yes,no,yes,yes,"Existing probe provides -5..+5, not full -10/+10. Temporal drift is posthoc mechanism support, not identity truth."
PAIR_GM_RM017_o180_s374_oty1t_obj_GM_RM017_bytetrack_bt_0008,GM_RM017,oty1t_obj_GM_RM017_bytetrack_bt_0008,374,-5;-4;-3;-2;-1;0;1;2;3;4;5,yes,1,0.9091,yes,38.57,up,unavailable,no,no,no,uncertain,uncertain,"Existing probe provides -5..+5, not full -10/+10. Temporal drift is posthoc mechanism support, not identity truth."
PAIR_GM_RM017_o180_s374_oty1t_obj_GM_RM017_bytetrack_bt_0010,GM_RM017,oty1t_obj_GM_RM017_bytetrack_bt_0010,374,-5;-4;-3;-2;-1;0;1;2;3;4;5,yes,1,1,yes,46.634,right,unavailable,yes,yes,no,yes,yes,"Existing probe provides -5..+5, not full -10/+10. Temporal drift is posthoc mechanism support, not identity truth."
PAIR_GM_RM017_o180_s374_oty1t_obj_GM_RM017_bytetrack_bt_0012,GM_RM017,oty1t_obj_GM_RM017_bytetrack_bt_0012,374,-5;-4;-3;-2;-1;0;1;2;3;4;5,yes,1,1,yes,48.714,right,unavailable,yes,yes,no,yes,yes,"Existing probe provides -5..+5, not full -10/+10. Temporal drift is posthoc mechanism support, not identity truth."
PAIR_GM_RM017_o180_s375_oty1t_obj_GM_RM017_bytetrack_bt_0008,GM_RM017,oty1t_obj_GM_RM017_bytetrack_bt_0008,375,-5;-4;-3;-2;-1;0;1;2;3;4;5,yes,1,0.9091,yes,69.478,up,unavailable,no,no,no,uncertain,uncertain,"Existing probe provides -5..+5, not full -10/+10. Temporal drift is posthoc mechanism support, not identity truth."
PAIR_GM_RM017_o180_s375_oty1t_obj_GM_RM017_bytetrack_bt_0010,GM_RM017,oty1t_obj_GM_RM017_bytetrack_bt_0010,375,-5;-4;-3;-2;-1;0;1;2;3;4;5,yes,1,1,yes,47.424,right,unavailable,yes,yes,no,yes,yes,"Existing probe provides -5..+5, not full -10/+10. Temporal drift is posthoc mechanism support, not identity truth."
PAIR_GM_RM017_o180_s375_oty1t_obj_GM_RM017_bytetrack_bt_0012,GM_RM017,oty1t_obj_GM_RM017_bytetrack_bt_0012,375,-5;-4;-3;-2;-1;0;1;2;3;4;5,yes,1,1,yes,62.797,right,unavailable,yes,yes,no,yes,yes,"Existing probe provides -5..+5, not full -10/+10. Temporal drift is posthoc mechanism support, not identity truth."
PAIR_GM_RM017_o180_s376_oty1t_obj_GM_RM017_bytetrack_bt_0008,GM_RM017,oty1t_obj_GM_RM017_bytetrack_bt_0008,376,-5;-4;-3;-2;-1;0;1;2;3;4;5,yes,1,0.9091,yes,116.611,down,unavailable,no,no,no,uncertain,uncertain,"Existing probe provides -5..+5, not full -10/+10. Temporal drift is posthoc mechanism support, not identity truth."
PAIR_GM_RM017_o180_s376_oty1t_obj_GM_RM017_bytetrack_bt_0010,GM_RM017,oty1t_obj_GM_RM017_bytetrack_bt_0010,376,-5;-4;-3;-2;-1;0;1;2;3;4;5,yes,1,1,yes,47.441,right,unavailable,yes,yes,no,yes,yes,"Existing probe provides -5..+5, not full -10/+10. Temporal drift is posthoc mechanism support, not identity truth."
PAIR_GM_RM017_o180_s376_oty1t_obj_GM_RM017_bytetrack_bt_0012,GM_RM017,oty1t_obj_GM_RM017_bytetrack_bt_0012,376,-5;-4;-3;-2;-1;0;1;2;3;4;5,yes,1,1,yes,58.208,right,unavailable,yes,yes,no,yes,yes,"Existing probe provides -5..+5, not full -10/+10. Temporal drift is posthoc mechanism support, not identity truth."
PAIR_GM_RM017_o181_s377_oty1t_obj_GM_RM017_bytetrack_bt_0008,GM_RM017,oty1t_obj_GM_RM017_bytetrack_bt_0008,377,-5;-4;-3;-2;-1;0;1;2;3;4;5,yes,1,0.9091,yes,116.695,down,unavailable,no,no,no,uncertain,uncertain,"Existing probe provides -5..+5, not full -10/+10. Temporal drift is posthoc mechanism support, not identity truth."
PAIR_GM_RM017_o181_s377_oty1t_obj_GM_RM017_bytetrack_bt_0010,GM_RM017,oty1t_obj_GM_RM017_bytetrack_bt_0010,377,-5;-4;-3;-2;-1;0;1;2;3;4;5,yes,1,1,yes,54.065,right,unavailable,yes,yes,no,yes,yes,"Existing probe provides -5..+5, not full -10/+10. Temporal drift is posthoc mechanism support, not identity truth."
PAIR_GM_RM017_o181_s377_oty1t_obj_GM_RM017_bytetrack_bt_0012,GM_RM017,oty1t_obj_GM_RM017_bytetrack_bt_0012,377,-5;-4;-3;-2;-1;0;1;2;3;4;5,yes,1,1,yes,24.335,right,unavailable,yes,yes,no,yes,yes,"Existing probe provides -5..+5, not full -10/+10. Temporal drift is posthoc mechanism support, not identity truth."
PAIR_GM_RM017_o181_s378_oty1t_obj_GM_RM017_bytetrack_bt_0008,GM_RM017,oty1t_obj_GM_RM017_bytetrack_bt_0008,378,-5;-4;-3;-2;-1;0;1;2;3;4;5,yes,1,0.9091,yes,119.358,down,unavailable,no,no,no,uncertain,uncertain,"Existing probe provides -5..+5, not full -10/+10. Temporal drift is posthoc mechanism support, not identity truth."
PAIR_GM_RM017_o181_s378_oty1t_obj_GM_RM017_bytetrack_bt_0010,GM_RM017,oty1t_obj_GM_RM017_bytetrack_bt_0010,378,-5;-4;-3;-2;-1;0;1;2;3;4;5,yes,1,1,yes,53.673,right,unavailable,yes,yes,no,yes,yes,"Existing probe provides -5..+5, not full -10/+10. Temporal drift is posthoc mechanism support, not identity truth."
PAIR_GM_RM017_o181_s378_oty1t_obj_GM_RM017_bytetrack_bt_0012,GM_RM017,oty1t_obj_GM_RM017_bytetrack_bt_0012,378,-5;-4;-3;-2;-1;0;1;2;3;4;5,yes,1,1,yes,20.607,right,unavailable,yes,yes,no,yes,yes,"Existing probe provides -5..+5, not full -10/+10. Temporal drift is posthoc mechanism support, not identity truth."
PAIR_GM_RM017_o182_s379_oty1t_obj_GM_RM017_bytetrack_bt_0008,GM_RM017,oty1t_obj_GM_RM017_bytetrack_bt_0008,379,-5;-4;-3;-2;-1;0;1;2;3;4;5,yes,1,0.8182,yes,113.468,down,unavailable,no,no,no,uncertain,uncertain,"Existing probe provides -5..+5, not full -10/+10. Temporal drift is posthoc mechanism support, not identity truth."
PAIR_GM_RM017_o182_s379_oty1t_obj_GM_RM017_bytetrack_bt_0010,GM_RM017,oty1t_obj_GM_RM017_bytetrack_bt_0010,379,-5;-4;-3;-2;-1;0;1;2;3;4;5,yes,1,1,yes,60.879,right,unavailable,yes,yes,no,yes,yes,"Existing probe provides -5..+5, not full -10/+10. Temporal drift is posthoc mechanism support, not identity truth."
PAIR_GM_RM017_o182_s379_oty1t_obj_GM_RM017_bytetrack_bt_0012,GM_RM017,oty1t_obj_GM_RM017_bytetrack_bt_0012,379,-5;-4;-3;-2;-1;0;1;2;3;4;5,yes,1,1,yes,59.151,right,unavailable,yes,yes,no,yes,yes,"Existing probe provides -5..+5, not full -10/+10. Temporal drift is posthoc mechanism support, not identity truth."
PAIR_GM_RM017_o182_s380_oty1t_obj_GM_RM017_bytetrack_bt_0008,GM_RM017,oty1t_obj_GM_RM017_bytetrack_bt_0008,380,-5;-4;-3;-2;-1;0;1;2;3;4;5,yes,1,0.8182,yes,119.285,down,unavailable,no,no,no,uncertain,uncertain,"Existing probe provides -5..+5, not full -10/+10. Temporal drift is posthoc mechanism support, not identity truth."
PAIR_GM_RM017_o182_s380_oty1t_obj_GM_RM017_bytetrack_bt_0010,GM_RM017,oty1t_obj_GM_RM017_bytetrack_bt_0010,380,-5;-4;-3;-2;-1;0;1;2;3;4;5,yes,1,1,yes,57.506,right,unavailable,yes,yes,no,yes,yes,"Existing probe provides -5..+5, not full -10/+10. Temporal drift is posthoc mechanism support, not identity truth."
PAIR_GM_RM017_o182_s380_oty1t_obj_GM_RM017_bytetrack_bt_0012,GM_RM017,oty1t_obj_GM_RM017_bytetrack_bt_0012,380,-5;-4;-3;-2;-1;0;1;2;3;4;5,yes,1,1,yes,51.452,right,unavailable,yes,yes,no,yes,yes,"Existing probe provides -5..+5, not full -10/+10. Temporal drift is posthoc mechanism support, not identity truth."
PAIR_GM_RM017_o183_s381_oty1t_obj_GM_RM017_bytetrack_bt_0010,GM_RM017,oty1t_obj_GM_RM017_bytetrack_bt_0010,381,-5;-4;-3;-2;-1;0;1;2;3;4;5,yes,1,1,yes,72.866,right,unavailable,yes,yes,no,yes,yes,"Existing probe provides -5..+5, not full -10/+10. Temporal drift is posthoc mechanism support, not identity truth."
PAIR_GM_RM017_o183_s381_oty1t_obj_GM_RM017_bytetrack_bt_0012,GM_RM017,oty1t_obj_GM_RM017_bytetrack_bt_0012,381,-5;-4;-3;-2;-1;0;1;2;3;4;5,yes,1,1,yes,57.765,right,unavailable,yes,yes,no,yes,yes,"Existing probe provides -5..+5, not full -10/+10. Temporal drift is posthoc mechanism support, not identity truth."
PAIR_GM_RM017_o183_s382_oty1t_obj_GM_RM017_bytetrack_bt_0010,GM_RM017,oty1t_obj_GM_RM017_bytetrack_bt_0010,382,-5;-4;-3;-2;-1;0;1;2;3;4;5,yes,1,1,yes,67.539,right,unavailable,yes,yes,no,yes,yes,"Existing probe provides -5..+5, not full -10/+10. Temporal drift is posthoc mechanism support, not identity truth."
PAIR_GM_RM017_o183_s382_oty1t_obj_GM_RM017_bytetrack_bt_0012,GM_RM017,oty1t_obj_GM_RM017_bytetrack_bt_0012,382,-5;-4;-3;-2;-1;0;1;2;3;4;5,yes,1,1,yes,55.388,right,unavailable,yes,yes,no,yes,yes,"Existing probe provides -5..+5, not full -10/+10. Temporal drift is posthoc mechanism support, not identity truth."
PAIR_GM_RM017_o184_s383_oty1t_obj_GM_RM017_bytetrack_bt_0010,GM_RM017,oty1t_obj_GM_RM017_bytetrack_bt_0010,383,-5;-4;-3;-2;-1;0;1;2;3;4;5,yes,1,1,yes,62.2,right,unavailable,yes,yes,no,yes,yes,"Existing probe provides -5..+5, not full -10/+10. Temporal drift is posthoc mechanism support, not identity truth."
PAIR_GM_RM017_o184_s383_oty1t_obj_GM_RM017_bytetrack_bt_0012,GM_RM017,oty1t_obj_GM_RM017_bytetrack_bt_0012,383,-5;-4;-3;-2;-1;0;1;2;3;4;5,yes,1,1,yes,55.771,right,unavailable,yes,yes,no,yes,yes,"Existing probe provides -5..+5, not full -10/+10. Temporal drift is posthoc mechanism support, not identity truth."
PAIR_GM_RM017_o184_s383_oty1t_obj_GM_RM017_bytetrack_bt_0014,GM_RM017,oty1t_obj_GM_RM017_bytetrack_bt_0014,383,-5;-4;-3;-2;-1;0;1;2;3;4;5,yes,1,1,yes,8.709,up,unavailable,yes,yes,no,yes,yes,"Existing probe provides -5..+5, not full -10/+10. Temporal drift is posthoc mechanism support, not identity truth."
PAIR_GM_RM017_o184_s384_oty1t_obj_GM_RM017_bytetrack_bt_0010,GM_RM017,oty1t_obj_GM_RM017_bytetrack_bt_0010,384,-5;-4;-3;-2;-1;0;1;2;3;4;5,yes,1,1,yes,59.672,right,unavailable,yes,yes,no,yes,yes,"Existing probe provides -5..+5, not full -10/+10. Temporal drift is posthoc mechanism support, not identity truth."
PAIR_GM_RM017_o184_s384_oty1t_obj_GM_RM017_bytetrack_bt_0012,GM_RM017,oty1t_obj_GM_RM017_bytetrack_bt_0012,384,-5;-4;-3;-2;-1;0;1;2;3;4;5,yes,1,1,yes,49.335,right,unavailable,yes,yes,no,yes,yes,"Existing probe provides -5..+5, not full -10/+10. Temporal drift is posthoc mechanism support, not identity truth."
PAIR_GM_RM017_o184_s384_oty1t_obj_GM_RM017_bytetrack_bt_0014,GM_RM017,oty1t_obj_GM_RM017_bytetrack_bt_0014,384,-5;-4;-3;-2;-1;0;1;2;3;4;5,yes,1,1,yes,46.842,right_down,unavailable,yes,yes,no,yes,yes,"Existing probe provides -5..+5, not full -10/+10. Temporal drift is posthoc mechanism support, not identity truth."
PAIR_GM_RM017_o185_s385_oty1t_obj_GM_RM017_bytetrack_bt_0010,GM_RM017,oty1t_obj_GM_RM017_bytetrack_bt_0010,385,-5;-4;-3;-2;-1;0;1;2;3;4;5,yes,1,1,yes,92.625,left_up,unavailable,no,no,no,uncertain,uncertain,"Existing probe provides -5..+5, not full -10/+10. Temporal drift is posthoc mechanism support, not identity truth."
PAIR_GM_RM017_o185_s385_oty1t_obj_GM_RM017_bytetrack_bt_0012,GM_RM017,oty1t_obj_GM_RM017_bytetrack_bt_0012,385,-5;-4;-3;-2;-1;0;1;2;3;4;5,yes,1,1,yes,57.63,right,unavailable,yes,yes,no,yes,yes,"Existing probe provides -5..+5, not full -10/+10. Temporal drift is posthoc mechanism support, not identity truth."
PAIR_GM_RM017_o185_s386_oty1t_obj_GM_RM017_bytetrack_bt_0010,GM_RM017,oty1t_obj_GM_RM017_bytetrack_bt_0010,386,-5;-4;-3;-2;-1;0;1;2;3;4;5,yes,1,1,yes,96.619,left_up,unavailable,no,no,no,uncertain,uncertain,"Existing probe provides -5..+5, not full -10/+10. Temporal drift is posthoc mechanism support, not identity truth."
PAIR_GM_RM017_o185_s386_oty1t_obj_GM_RM017_bytetrack_bt_0012,GM_RM017,oty1t_obj_GM_RM017_bytetrack_bt_0012,386,-5;-4;-3;-2;-1;0;1;2;3;4;5,yes,1,1,yes,49.198,right,unavailable,yes,yes,no,yes,yes,"Existing probe provides -5..+5, not full -10/+10. Temporal drift is posthoc mechanism support, not identity truth."
PAIR_GM_RM017_o186_s387_oty1t_obj_GM_RM017_bytetrack_bt_0010,GM_RM017,oty1t_obj_GM_RM017_bytetrack_bt_0010,387,-5;-4;-3;-2;-1;0;1;2;3;4;5,yes,1,1,yes,66.664,right,unavailable,yes,yes,no,yes,yes,"Existing probe provides -5..+5, not full -10/+10. Temporal drift is posthoc mechanism support, not identity truth."
PAIR_GM_RM017_o186_s387_oty1t_obj_GM_RM017_bytetrack_bt_0012,GM_RM017,oty1t_obj_GM_RM017_bytetrack_bt_0012,387,-5;-4;-3;-2;-1;0;1;2;3;4;5,yes,1,1,yes,46.778,right,unavailable,yes,yes,no,yes,yes,"Existing probe provides -5..+5, not full -10/+10. Temporal drift is posthoc mechanism support, not identity truth."
PAIR_GM_RM017_o186_s388_oty1t_obj_GM_RM017_bytetrack_bt_0010,GM_RM017,oty1t_obj_GM_RM017_bytetrack_bt_0010,388,-5;-4;-3;-2;-1;0;1;2;3;4;5,yes,1,1,yes,78.867,left_up,unavailable,no,no,no,uncertain,uncertain,"Existing probe provides -5..+5, not full -10/+10. Temporal drift is posthoc mechanism support, not identity truth."
PAIR_GM_RM017_o186_s388_oty1t_obj_GM_RM017_bytetrack_bt_0012,GM_RM017,oty1t_obj_GM_RM017_bytetrack_bt_0012,388,-5;-4;-3;-2;-1;0;1;2;3;4;5,yes,1,0.9091,yes,45.067,right,unavailable,yes,yes,no,yes,yes,"Existing probe provides -5..+5, not full -10/+10. Temporal drift is posthoc mechanism support, not identity truth."
PAIR_GM_RM017_o187_s389_oty1t_obj_GM_RM017_bytetrack_bt_0010,GM_RM017,oty1t_obj_GM_RM017_bytetrack_bt_0010,389,-5;-4;-3;-2;-1;0;1;2;3;4;5,yes,1,1,yes,80.047,left_up,unavailable,no,no,no,uncertain,uncertain,"Existing probe provides -5..+5, not full -10/+10. Temporal drift is posthoc mechanism support, not identity truth."
PAIR_GM_RM017_o187_s389_oty1t_obj_GM_RM017_bytetrack_bt_0012,GM_RM017,oty1t_obj_GM_RM017_bytetrack_bt_0012,389,-5;-4;-3;-2;-1;0;1;2;3;4;5,yes,1,0.9091,yes,49.071,right,unavailable,yes,yes,no,yes,yes,"Existing probe provides -5..+5, not full -10/+10. Temporal drift is posthoc mechanism support, not identity truth."
PAIR_GM_RM017_o187_s390_oty1t_obj_GM_RM017_bytetrack_bt_0010,GM_RM017,oty1t_obj_GM_RM017_bytetrack_bt_0010,390,-5;-4;-3;-2;-1;0;1;2;3;4;5,yes,1,1,yes,82.899,left_up,unavailable,no,no,no,uncertain,uncertain,"Existing probe provides -5..+5, not full -10/+10. Temporal drift is posthoc mechanism support, not identity truth."
PAIR_GM_RM017_o187_s390_oty1t_obj_GM_RM017_bytetrack_bt_0012,GM_RM017,oty1t_obj_GM_RM017_bytetrack_bt_0012,390,-5;-4;-3;-2;-1;0;1;2;3;4;5,yes,1,0.8182,yes,50.582,right,unavailable,yes,yes,no,yes,yes,"Existing probe provides -5..+5, not full -10/+10. Temporal drift is posthoc mechanism support, not identity truth."
PAIR_GM_RM017_o188_s391_oty1t_obj_GM_RM017_bytetrack_bt_0010,GM_RM017,oty1t_obj_GM_RM017_bytetrack_bt_0010,391,-5;-4;-3;-2;-1;0;1;2;3;4;5,yes,1,1,yes,73.791,left_up,unavailable,no,no,no,uncertain,uncertain,"Existing probe provides -5..+5, not full -10/+10. Temporal drift is posthoc mechanism support, not identity truth."
PAIR_GM_RM017_o188_s391_oty1t_obj_GM_RM017_bytetrack_bt_0012,GM_RM017,oty1t_obj_GM_RM017_bytetrack_bt_0012,391,-5;-4;-3;-2;-1;0;1;2;3;4;5,yes,1,1,yes,49.122,right,unavailable,yes,yes,no,yes,yes,"Existing probe provides -5..+5, not full -10/+10. Temporal drift is posthoc mechanism support, not identity truth."
PAIR_GM_RM017_o188_s392_oty1t_obj_GM_RM017_bytetrack_bt_0010,GM_RM017,oty1t_obj_GM_RM017_bytetrack_bt_0010,392,-5;-4;-3;-2;-1;0;1;2;3;4;5,yes,1,1,yes,75.222,left_up,unavailable,no,no,no,uncertain,uncertain,"Existing probe provides -5..+5, not full -10/+10. Temporal drift is posthoc mechanism support, not identity truth."
PAIR_GM_RM017_o188_s392_oty1t_obj_GM_RM017_bytetrack_bt_0012,GM_RM017,oty1t_obj_GM_RM017_bytetrack_bt_0012,392,-5;-4;-3;-2;-1;0;1;2;3;4;5,yes,1,1,yes,41.221,right,unavailable,yes,yes,no,yes,yes,"Existing probe provides -5..+5, not full -10/+10. Temporal drift is posthoc mechanism support, not identity truth."
PAIR_GM_RM017_o189_s393_oty1t_obj_GM_RM017_bytetrack_bt_0010,GM_RM017,oty1t_obj_GM_RM017_bytetrack_bt_0010,393,-5;-4;-3;-2;-1;0;1;2;3;4;5,yes,1,1,yes,51.734,right,unavailable,yes,yes,no,yes,yes,"Existing probe provides -5..+5, not full -10/+10. Temporal drift is posthoc mechanism support, not identity truth."
PAIR_GM_RM017_o189_s393_oty1t_obj_GM_RM017_bytetrack_bt_0012,GM_RM017,oty1t_obj_GM_RM017_bytetrack_bt_0012,393,-5;-4;-3;-2;-1;0;1;2;3;4;5,yes,1,1,yes,41.934,right,unavailable,yes,yes,no,yes,yes,"Existing probe provides -5..+5, not full -10/+10. Temporal drift is posthoc mechanism support, not identity truth."
PAIR_GM_RM017_o189_s394_oty1t_obj_GM_RM017_bytetrack_bt_0010,GM_RM017,oty1t_obj_GM_RM017_bytetrack_bt_0010,394,-5;-4;-3;-2;-1;0;1;2;3;4;5,yes,1,1,yes,51.82,right,unavailable,yes,yes,no,yes,yes,"Existing probe provides -5..+5, not full -10/+10. Temporal drift is posthoc mechanism support, not identity truth."
PAIR_GM_RM017_o189_s394_oty1t_obj_GM_RM017_bytetrack_bt_0012,GM_RM017,oty1t_obj_GM_RM017_bytetrack_bt_0012,394,-5;-4;-3;-2;-1;0;1;2;3;4;5,yes,1,1,yes,37.381,right,unavailable,yes,yes,no,yes,yes,"Existing probe provides -5..+5, not full -10/+10. Temporal drift is posthoc mechanism support, not identity truth."
PAIR_GM_RM017_o206_s429_oty1t_obj_GM_RM017_bytetrack_bt_0012,GM_RM017,oty1t_obj_GM_RM017_bytetrack_bt_0012,429,-5;-4;-3;-2;-1;0;1;2;3;4;5,yes,1,1,yes,67.141,right,unavailable,yes,yes,no,yes,yes,"Existing probe provides -5..+5, not full -10/+10. Temporal drift is posthoc mechanism support, not identity truth."
PAIR_GM_RM017_o210_s438_oty1t_obj_GM_RM017_bytetrack_bt_0012,GM_RM017,oty1t_obj_GM_RM017_bytetrack_bt_0012,438,-5;-4;-3;-2;-1;0;1;2;3;4;5,yes,1,0.9091,yes,53.676,right,unavailable,yes,yes,no,yes,yes,"Existing probe provides -5..+5, not full -10/+10. Temporal drift is posthoc mechanism support, not identity truth."
PAIR_GM_RM017_o212_s442_oty1t_obj_GM_RM017_bytetrack_bt_0014,GM_RM017,oty1t_obj_GM_RM017_bytetrack_bt_0014,442,-5;-4;-3;-2;-1;0;1;2;3;4;5,yes,1,1,yes,64.215,right,unavailable,yes,yes,no,yes,yes,"Existing probe provides -5..+5, not full -10/+10. Temporal drift is posthoc mechanism support, not identity truth."
PAIR_GM_RM019_o0_s0_oty1t_obj_GM_RM019_bytetrack_bt_0001,GM_RM019,oty1t_obj_GM_RM019_bytetrack_bt_0001,0,0;1;2;3;4;5,yes,1,1,yes,19.012,right,unavailable,yes,yes,no,yes,yes,"Existing probe provides -5..+5, not full -10/+10. Temporal drift is posthoc mechanism support, not identity truth."
PAIR_GM_RM019_o102_s212_oty1t_obj_GM_RM019_bytetrack_bt_0080,GM_RM019,oty1t_obj_GM_RM019_bytetrack_bt_0080,212,-5;-4;-3;-2;-1;0;1;2;3;4;5,yes,1,0.5455,yes,16.919,right,unavailable,yes,yes,no,yes,yes,"Existing probe provides -5..+5, not full -10/+10. Temporal drift is posthoc mechanism support, not identity truth."
PAIR_GM_RM019_o114_s238_oty1t_obj_GM_RM019_bytetrack_bt_0080,GM_RM019,oty1t_obj_GM_RM019_bytetrack_bt_0080,238,-5;-4;-3;-2;-1;0;1;2;3;4;5,yes,1,0,yes,10.68,right,unavailable,yes,yes,no,yes,yes,"Existing probe provides -5..+5, not full -10/+10. Temporal drift is posthoc mechanism support, not identity truth."
PAIR_GM_RM019_o129_s269_oty1t_obj_GM_RM019_bytetrack_bt_0080,GM_RM019,oty1t_obj_GM_RM019_bytetrack_bt_0080,269,-5;-4;-3;-2;-1;0;1;2;3;4;5,yes,1,1,yes,22.545,down,unavailable,yes,yes,no,yes,yes,"Existing probe provides -5..+5, not full -10/+10. Temporal drift is posthoc mechanism support, not identity truth."
PAIR_GM_RM019_o131_s273_oty1t_obj_GM_RM019_bytetrack_bt_0080,GM_RM019,oty1t_obj_GM_RM019_bytetrack_bt_0080,273,-5;-4;-3;-2;-1;0;1;2;3;4;5,yes,1,1,yes,9.749,right_down,unavailable,yes,yes,no,yes,yes,"Existing probe provides -5..+5, not full -10/+10. Temporal drift is posthoc mechanism support, not identity truth."
PAIR_GM_RM019_o138_s288_oty1t_obj_GM_RM019_bytetrack_bt_0080,GM_RM019,oty1t_obj_GM_RM019_bytetrack_bt_0080,288,-5;-4;-3;-2;-1;0;1;2;3;4;5,yes,1,1,yes,4.625,up,unavailable,no,no,yes,uncertain,uncertain,"Existing probe provides -5..+5, not full -10/+10. Temporal drift is posthoc mechanism support, not identity truth."
PAIR_GM_RM019_o139_s290_oty1t_obj_GM_RM019_bytetrack_bt_0080,GM_RM019,oty1t_obj_GM_RM019_bytetrack_bt_0080,290,-5;-4;-3;-2;-1;0;1;2;3;4;5,yes,1,0.9091,yes,222.76,up,unavailable,no,no,no,uncertain,uncertain,"Existing probe provides -5..+5, not full -10/+10. Temporal drift is posthoc mechanism support, not identity truth."
PAIR_GM_RM019_o13_s27_oty1t_obj_GM_RM019_bytetrack_bt_0005,GM_RM019,oty1t_obj_GM_RM019_bytetrack_bt_0005,27,-5;-4;-3;-2;-1;0;1;2;3;4;5,yes,1,0.6364,yes,22.22,down,unavailable,no,no,no,uncertain,uncertain,"Existing probe provides -5..+5, not full -10/+10. Temporal drift is posthoc mechanism support, not identity truth."
PAIR_GM_RM019_o13_s27_oty1t_obj_GM_RM019_bytetrack_bt_0009,GM_RM019,oty1t_obj_GM_RM019_bytetrack_bt_0009,27,-5;-4;-3;-2;-1;0;1;2;3;4;5,yes,1,1,yes,15.78,right,unavailable,yes,yes,no,uncertain,yes,"Existing probe provides -5..+5, not full -10/+10. Temporal drift is posthoc mechanism support, not identity truth."
PAIR_GM_RM019_o151_s315_oty1t_obj_GM_RM019_bytetrack_bt_0098,GM_RM019,oty1t_obj_GM_RM019_bytetrack_bt_0098,315,-5;-4;-3;-2;-1;0;1;2;3;4;5,yes,1,0.7273,yes,20.056,right,unavailable,yes,yes,no,uncertain,yes,"Existing probe provides -5..+5, not full -10/+10. Temporal drift is posthoc mechanism support, not identity truth."
PAIR_GM_RM019_o152_s317_oty1t_obj_GM_RM019_bytetrack_bt_0098,GM_RM019,oty1t_obj_GM_RM019_bytetrack_bt_0098,317,-5;-4;-3;-2;-1;0;1;2;3;4;5,yes,1,0.6364,yes,27.419,right,unavailable,yes,yes,no,uncertain,yes,"Existing probe provides -5..+5, not full -10/+10. Temporal drift is posthoc mechanism support, not identity truth."
PAIR_GM_RM019_o15_s31_oty1t_obj_GM_RM019_bytetrack_bt_0005,GM_RM019,oty1t_obj_GM_RM019_bytetrack_bt_0005,31,-5;-4;-3;-2;-1;0;1;2;3;4;5,yes,1,1,yes,13.229,left,unavailable,yes,yes,no,yes,yes,"Existing probe provides -5..+5, not full -10/+10. Temporal drift is posthoc mechanism support, not identity truth."
PAIR_GM_RM019_o2_s4_oty1t_obj_GM_RM019_bytetrack_bt_0001,GM_RM019,oty1t_obj_GM_RM019_bytetrack_bt_0001,4,-4;-3;-2;-1;0;1;2;3;4;5,yes,1,1,yes,7.277,right,unavailable,yes,yes,no,yes,yes,"Existing probe provides -5..+5, not full -10/+10. Temporal drift is posthoc mechanism support, not identity truth."
PAIR_GM_RM019_o37_s77_oty1t_obj_GM_RM019_bytetrack_bt_0005,GM_RM019,oty1t_obj_GM_RM019_bytetrack_bt_0005,77,-5;-4;-3;-2;-1;0;1;2;3;4;5,yes,1,0.3636,yes,14.836,right,unavailable,yes,yes,no,yes,yes,"Existing probe provides -5..+5, not full -10/+10. Temporal drift is posthoc mechanism support, not identity truth."
PAIR_GM_RM019_o39_s81_oty1t_obj_GM_RM019_bytetrack_bt_0005,GM_RM019,oty1t_obj_GM_RM019_bytetrack_bt_0005,81,-5;-4;-3;-2;-1;0;1;2;3;4;5,yes,1,0.9091,yes,18.532,left,unavailable,yes,yes,no,yes,yes,"Existing probe provides -5..+5, not full -10/+10. Temporal drift is posthoc mechanism support, not identity truth."
PAIR_GM_RM019_o4_s8_oty1t_obj_GM_RM019_bytetrack_bt_0001,GM_RM019,oty1t_obj_GM_RM019_bytetrack_bt_0001,8,-5;-4;-3;-2;-1;0;1;2;3;4;5,yes,1,1,yes,3.364,near_stationary,unavailable,yes,no,yes,uncertain,uncertain,"Existing probe provides -5..+5, not full -10/+10. Temporal drift is posthoc mechanism support, not identity truth."
